Review,Like
ㅉㅉ이거노잼핵노잼핵핵노잼  ,0
너무 잼있어요  ,1
한글 자막이 없어.. 브라질 불법 이민자들 애기 같은데 졸 지루함  ,0
나 밖에 없으니까 10점ㅋㅋㅋㅋ  ,1
중후반까지 궁금증을 커져가게 만드는 이야기 전개가 좋아보이는군요  ,1
진짜 재밋내..굿 강추  ,1
한 맺힌 혼은 이승을 떠돈다는 말은 동서양이나 공통인가..  ,1
귀신이 보이는 디아이랑 비슷. 영화란 리얼리티가 아닌 영화일 뿐이다  ,1
재미를 떠나서 좀 어이없는 영화....  ,0
진짜 잼없다 ㅡㅡ;; 진짜 시간 많은사람 할일 없는사람만 보세요~봐도 후회..ㅋㅋ  ,0
끝에 여자유령이 잡아끌자 눈물짓던 주인공이 기겁하는 장면에서 좀 당황  ,1
영혼들이 처음부터 해결해달라고 했으면 됬는데 왜 주인공 식겁 하도록 무섭게 했을까  ,1
"""너도 언젠간 사라질거야"" - 삶과 죽음 사이에서의 갈등,욕망,고통 그리고 선택...  ",1
영화또보고싶다 잘만든영화같음  ,1
학업 판타지는 뭐니뭐니해도 school out. 삐쩍 마른 멸치 배우가 귀엽다.  ,0
가볍게 볼만한 영화. 스페인만의 독특함이 묻어나는거 같다. 아무렇지 않게 화끈한 소재들이 나오는데 재밌었다. 베니돔 가보고 싶어진다  ,1
아메리칸파이 보다 백배는 재미있다^^ 확끈하고 부럽다.. 굿  ,1
즐겁게 볼 수 있는 영화^^  ,1
ocn에서 봣는데 그냥 ㅋㅋㅋㅋㅋㅋㅋㅋㅋㅋㅋㅋㅋㅋㅋㅋㅋㅋㅋㅋ  ,1
아메리칸파이 보다 백배는 재미있다^^ 확끈하고 부럽다..  ,1
남성 우월주의를 보는 듯 해서 별로 좋은영화 같진 않다.  ,0
댓글첨써보는데 지금에와서이걸보다니... 모두연기넘잘하고 소재가현실과똑같다는게참안타깝다.  ,1
여기 나왔던 배우중에 잘 된 배우들이 많은 것 같네요ㅎ  ,1
김수로짱  ,1
아주 재밌게 봤어용  ,1
"저런 선생 학교에 하나쯤 있다면,학교 다닐 맛은 있었을텐데  ",1
울학교 이티가 너무너무 재미있다!  ,1
우리나라의 교육현실은 변화가 필요함  ,1
박보영의연기가좋앗다  ,1
짱  ,1
다시보니 배우가 레전드..  ,1
오~ 송헤고 슴가와 풍만한 엉덩이~~~~~ 나만당할순 엄지  ,1
혜교 왜 이런걸 찍었니?  ,0
한마디로 졸작임 마지막 어이가 없고 코가막힘 ..볼꺼리라고는 송혜교 얼굴뿐  ,0
'시집'이라거나 '무당'이라는 제목이 더 어울리는 듯. 제목이 '페티쉬'에 19금 붙으니 다들 기대하시나본데. 그냥 미국으로 시집간 무당 얘기임  ,1
송혜교 자신을 좀더 버렸더라면... 감독이 좀더 사전 지식을 모았더라면 좋을법했다..  ,1
소재도 좋고 연기력도 좋고 분위기도 좋고 괜찮은데 이야기를 풀어나가는데 너무 대강한 느낌... 영화 만들다가 시간없어서 급하게 마무리 지은 느낌; 그리고 엔딩이 너무 허접하단 느낌이 강하게 듬  ,1
0점은 못주나봐요..ㅠㅠ 어쩔 수 없이 1점 줍니다.  ,0
"소재,영상미는 괜찮았는데...역시나 연출과 긴장감부분에서 허술함을 감출수없네..  ",1
혜교는 예쁨  ,1
"송혜교는 귀여웠지만 남자배우 외모 때문에 감정이입이 어려웠고, 마지막 장면 어색함  ",1
스크루지 출연영화로서 재미도 있었지만 배우들의 연기에 7점을 주고 싶다  ,1
그 시대에 영화관에 불났을것같다. 잠품성은 최고!  ,1
책 읽는 듯. 오랜만에 흑백 영화를 보니 좋은 건 희고 나쁜 건 까맣던 어린 시절이...  ,1
너네가 홀덤을 아느냥  ,1
ㅎ 최고~ 나도 참가하고 싶다 근데 참가비가 없는 현실 ㅋ  ,1
이건 도대체 어디서 보는거죠??  ,1
 이거 재미 있던데: wwe에서는 잘나갓엇는데 영화계에서는 그다지 네요. ㅜ 오스틴 ㅜ  ,1
스티븐오스틴 스톤콜드꼐서 제작하셧는데 4점이머꼬  ,1
스티븐오스틴 스톤콜드꼐서 제작하셧는데 4점이머꼬  ,1
별점10점을 위해 별점신이 오셨다  ,1
재미있게봤어요 마지막은 예상이 갔지만 ㅎ  ,1
수준 낮은 도박영화  그냥 텍사스홀덤 한다 내용끝  ,0
별 5점을 위해 반점신이 오셨다  ,0
한국 개봉 안 했네여 ㅜ.ㅜ  ,1
내 초딩시절의 아련한 추억들 ...  ,0
안나 ㅠㅠ 졸라 이뻐 ㅠㅠㅠㅠ  ,1
이거어기서봐요 한국에서않개봉하지않앗나요  ,1
재밌네요^^  ,1
재밌을것같아요  ,1
빨리 개봉하면 좋겠다..ㅠㅠ 재밋겠어  ,1
최고다 ..  ,1
"애들이여, 어른이 되어라 ..  ",0
아무것도업길레 가브리엘카테리스가 불쌍해서 준다 ㅋㅋㅋㅋㅋ  ,1
다시보고싶어요 어디서 볼 수 있나요?ㅠㅠ  ,1
감독님 최고세요!!  ,1
이정국 감독님 짱이에요 ~ ㅋㅋ 화이팅~  ,1
이정국 감독님 최고입니다! 짱!!  ,1
영화가 좀 길어 중간에 긴장감이 떨어진다고 해야할까...  ,0
책으로 먼저 나와서 그런지 조금 짧네요.조금만 더 줄거리를 넣는다면 좋을것 같네요.  ,1
이 영화의 표지가 괜찮긴 괜찮은데 너무 어두워서 좀 그렇네요..  ,1
무려 반세기 전에 이런 소재를 가지고 애니메이션을 만들었다는 거 자체가 놀랍고 애니메이션 그래픽도 지금과 비교해도 전혀 뒤떨어지지 않음. 크리스마스시절되면 미국에선 꼭 방송할 정도로 레전드 크리스마스 애니메이션..  ,1
정말 소름끼치게 다시 보고 싶다!!!  ,1
정말정말 예뻐요 보고있으면 크리스마스가 기다려지는 행복한 영화:)  ,1
"크리스마스의 상업화, 영악해진 아이들, 그러나 순수한 모습을 잃지않은 찰리브라운!!  ",1
굿  ,1
마음에 듭니다.  ,1
기대 하겠습니다.  ,1
좋습니다.  ,1
기대가 큽니다.  ,1
저시절에 크리스마스의 의미를 다시 생각해 보는구나. BGM으로 쓴 캐롤음악들도 좋음  ,1
정말 재미있었습니다.  ,1
완전 김동욱님 귀여븜 ㅋㅋㅋㅋㅋ 아잉 사랑해여  ,1
시트콤 찾아보다가 보고있는데 연기력 찰지고 시트콤이라 억지부분 있는데 그건 뭐 정다영 왜이리 이쁘냥 ㅎㅎ  ,1
KBS 시트콤중에선 전후로 제일 재미있었다  ,1
이정 역시 멋진 훈남이다.  ,1
본ID:twelve_12 뭐 일단 소녀시대가 나왔기 때문에 10점 드립니다.  ,1
굳굳굳 ㅎㅎㅎ  ,1
재미있음ㅋ  ,1
전개인적으로잼ㅅ었어요!  ,1
"조기종영되어 아쉬웠지만, 정말 재밌는 드라마였습니다.  ",1
저는 하이킥보다 더 재밌는거 같은데 ㅋㅋㅋㅋㅋㅋㅋㅋㅋㅋㅋㅋㅋㅋㅋㅋㅋ  ,1
이제는 끝나지만 슈렉 시리즈만의 동화 재구성은 잊을수가 없을 것  ,1
"3편에서 약간 읅어먹는 분위기였는데, 이번편 외전격으로 참신하게 마무리 잘함. 슈렉시리즈 다봤으면 포에버가 젤재밌을수도......  ",1
슈렉시리즈는 정말 최고에요 마지막이라 너무 아쉬워요ㅠㅠ  ,1
슈렉시리즈는 애니 중에 나은편에 속한다.  ,1
"""남들이 자신을 악당 괴물 혹은 패배자라고 편견을 갖더라도 중요한건 자신이 스스로를 어떻게 대하느냐다"" 외면은 내면의 가치를 넘어설수없다는걸 항상 느끼게 해준, 행복이 뭔지 알려준 영화. 슈렉속에 나오는 세상이 너무 부럽고 그런 사회에서 살고싶다  ",1
진짜 재밌었는데 왜 이거밖에안댐?  ,1
개인적으로 슈렉4는 최고라 생각한다..  ,1
슈렉 시리즈는 항상  결말이 훈훈해서 좋다  ,1
슈렉은 한마디로 명작 그이상인듯  ,1
제길 파콰드 경은 엔딩 크레딧에서 겨우 등장ㅋㅋㅋㅋㅋㅋ 뭐 등장해봤자였겠지만ㅋㅋ  ,1
이거 낚시에요. 너무들 하시네알바생들  ,0
똑똑한 배우 뜨악하게 남용하기.  ,0
조연에 원빈있다....  ,1
팬으로서..ㅎㅎㅎㅎ  안볼수가 없지  ,1
와 짱이넴 개봉도 안한거 성룡팬들 짱 나두 성룡팬임  ,1
이거개봉한건가여? 네이버 참...-ㅅ- 09년으로 나와잇네  ,1
성룡이다..무슨 말이더 필요합니다~~무조껀 10이다^^용형호제3대박기원 성룡만세  ,1
이것도 개봉안했는데 평점 10.00 ㅋㅋㅋㅋㅋㅋㅋㅋㅋㅋㅋㅋㅋㅋ  ,1
아..우리나라엔언제개봉하지ㅎㅎ제목이좀이상하긴하지만성룡때문에봄!  ,1
성룡 광팬. ㅎㅎ 근데 잼 있을라나?  ,1
"솔직히 재미없다..B급이면 주성치영화처럼 웃기기라도 해야되는데,내용 연결도 부실하고..  ",0
아닌 건 아니죠 .ㅂ뻔할 것 가ㅌ네ㅣ  ,0
보고나면 조낸 감명이 깊을 것 같았다...  ,1
돈보다 시간이 아깝다...  ,0
역시 화려한 액션.강추9점대는 솔직히 오버구요 7..5~8 정도 수준이 되겠네요  ,1
다 낚여라~~ㅋㅋㅋ  니들의 두시간은 그렇게 사라졌다  ,1
강추강추^^ 나도 혼자죽진않는다  ,1
무조건 쓰레기라고 하는데 뭐가 패러디고 뭐가 오마쥬인지 모르고 보니까 재미 없지.  ,1
성룡하고 닮기는 했네요 특히 코  ,0
성룡 아들 나오네~~  ,1
꼭 보고 싶다..국내 상영하면 대 히트 칠듯 ㅋㅋㅋ  ,1
킬링타임용에도 못 미치는 엉성한 스릴러  ,0
내용도 밋밋하고 액션도 밋밋하다..기대이하.  ,0
헐리우드 영웅 따라가려다 다리 찢어진다.  ,0
"내용도 없고 산만하고, 어디 이딴걸 영화라고 만드냐.  ",0
극장에서 안보길 잘했다.  ,0
화가나서 글을 써봅니다..포인트는 무조건 천포인트 내용은 쓰레기..ㅡㅡ  ,0
"아, 그래서 주제가 뭔데.. 지루하고 산만하고...  ",0
볼만하던데 평점이 너무 좋지 않네..  ,1
볼만했는데 평점 왜 이러지..  ,1
재밋는데 .왜 다들 재미없다고 하지jQuery22409965930810313323_1525611310643 이해안되네 영화에 너무 크게 먼가를 바라고 보시는듯...걍 영화가 영화지 ..  충분히 나쁘지 않은 영화입니다 . 킬링타임용으로 손색없습니다  ,1
"일본작품의 풍을 모르고 보면 허무할 거고, 알면 잔잔한 감동과 섬세함. 깊은 여운  ",1
이정도면 훌룡하지 않은가? 마지막 엘리베이터씬에서 유코의 섬세한 연기를 기억하는 사람만 공감  ,1
숨이 멎는 추격전과 멋진 격퇴같은 것은 없다. 다만 세상을 적으로 등지게 된 한 남자가 오직 자신을 믿어주는 사람들의 도움으로 어떻게든 살아남게 되는 이야기다. 스릴러의 영화의 전형을 따르지 않았다고 이 영화가 부족하다는 것은 어불성설이다.  ,1
국가 권력의 무서움 선량한 시민을 순식간에 범죄자로 만들어버리는.. 주연인 사카이마코토의 연기가 일품이다.  ,1
인가의 최대 무기는 신뢰다  ,1
일본영화를 보면 늘 아쉬웠던게 연기쪽이였다. 이 작품은 주인공이 연기를 진짜 잘하는것같다. 마지막 부분이 아쉬웠지만 지루하지도 않고 재밌었다.  ,1
영화자체의 완성도가 꽤 높음. 기대이상임.. 조앙 ㅋㅋ  ,1
불꽃터질때 왜캐 서글프냐... 이거 한국에선 백퍼 액션 강조하고 신파 드간다 장담함  ,1
스릴러 보다 휴머니즘을 기대한다면 100점 짜리 영화  ,1
볼만했어요 재밌는데 마지막이 조금 아쉽네요 뭔가 밝혀지고 떳떳하게 사는 모습이면 좋았을텐데  ,1
잉앙웅엉논잉닌저남ㅁ댕  ,0
도통알아듣기더북한!군국주의색채와어설픈CG남용한B급괴수특촬물!!!  ,0
평가가극악인 3류 특촬ova라는뎅~  ,0
뭔가? 하다 지치다.  ,0
걍 로빈윌리엄스 보는 맛에  ,0
왜 만들었냐?  ,0
"존트라볼타,로빈윌리암스 빼면 볼꺼없다.  ",0
그렇게 웃기지도 않고 약간 억지 스러운 내용이 많은 코미디물  ,0
"존 트라볼타, 로빈 윌리암스 보는 재미 말고는 그다지..  ",0
독신남에게 갑자기 애들이 나타나 소동이 벌어진다는 식상한 소재와 전개  ,0
타겟관객과 정체성이 불분명하니 망할 수 밖에 없다. 애들영화도 성인영화도 아닌...  ,0
"로빈 윌리엄스와 존 트라볼타, 두 스타를 주인공으로 이렇게밖에 못 만들다니  ",0
전에 재미없게본 허비보다는 그로운업스식의 코미디를 첨가한 재밌는 식사  ,0
지루하다. 원작 소설을 제대로 살리지 못한 영화.  ,0
너무나 어이가 없음..  ,0
전혀 흥미롭지 않다는게 최대 약점  ,0
관객의 인내심을 테스트하는 영화  ,0
명작 소설을 영화로 망쳐놓다.  ,0
주인공 고추크다는 밑의 평보고 관람포기..여자들 눈높이 올려놓으면 망신당할라..  ,0
소재가  좋았어.간만에  다시보기 찾으려니  없네  ,1
재미있었다. 복고풍 공포영화.  ,1
"색다른 소재와 이야기를, 전형적인 고전적 호러로 그려냈다. 미녀, 섹스어필, 에로티시즘과 호러의 궁합이 잘 맞는 편이긴 하지만, 너무 옛스럽다. 무엇보다 절정에서 힘없이 맥이 풀어지는 듯이 구성하고 연출했다는 점이 아쉽다.  ",1
book과 blood 사이에 갇히다  ,0
주진모 여유롭고 자연스런 생활연기가 너무 좋았습니다특히 2회에서 보여준 연기는 정말 쩔어요  ,1
주배우님의 비쥬얼짱인 드라마 였습니다... 스토리도 재밌었어요 ㅎㅎ  ,1
좋은 드라마였는데 연출이 좀 아쉬웠다 배우들은 굿~~  ,1
안타깝다.. 수작인게.  ,0
선덕여왕에 묻힘 ..ㅠ  ,1
마무리가.............내상각그대로네  ,0
재밋었는데ㅠㅠ선덕여왕한테묻혀서아쉽네여  ,1
"김범님 연기는 훌륭하나, 외적 모습이 캐릭터 불일치! (주진모님이 아님 시트콤! )  ",0
상대가 선덕여왕이어서 묻힌 안타까운 수작....  ,1
아직은 자세히 모르겠는데 관심이 가네요~  ,1
일본의 상상력은 이런점은 인정  ,1
고스톱으로 세계평화를!!!  ,1
"다소유치하다생각할진몰라도 그것을잘이용했어요,유치하지않게  ",1
왜 욕하시는지;; 정말 내용좋고 미래에도 이렇게될수잇을것같아서 좋음ㅇㅇ..  ,1
흐뭇하구만 그래..  ,1
이거 은근히 여운남네???  ,1
대작이야이건  ,1
어디하나 흠잡을데 없는 영화다 감독이 의도한 바를 이해해야 이영화가 단지 고스톱으로 세상을 제패하는 그런 내용이 아니라는것을 알수있다  ,1
1번봤으니2번만더봐야지  ,1
감동했습니다.다들자기계정써달라고할때가가장감동적이었어요ㅠㅠ  ,1
"실제 출장시 이 영화와 매우 유사한 일을 겪은 사람으로써 한마디..정우성의 한국식 영어, 고원원의 중국식 영어는 정말 현실적인 영어다.두 사람 영어가지고 까지 마라. 정말 딱 저 정도 수준과 저 정도 감정이면 충분하다. 추억 돋게 만드는 영화!  ",1
허진호 감독 최고의 영화라고 생각한다. 수채화 같은 사랑을 보여주는 영화.  ,1
한국판 '러브레터'.. 보면 볼수록 더 매력적인 명영화예요..^^  ,1
오늘같이 비오는밤  딱 어울리는 영화   고원원의 중국어를 듣고 중국어 배우기 시작했던 추억이 떠오른다 ..   다운로드 해놓고 가끔씩 꺼내보고 싶은 영화  ,1
노란자전거로 그들의 사랑은 계속되네  ,1
로맨스영화가 이정도면 수작이지...정우성도 멋지고 고원원 진짜 매력있다.  ,1
우리형 호우 !!!!~  ,0
왜 이제야 봤을까...오랜만에 아름다운 영화 한 편 본 것 같네요  ,1
우리형이 출연한 영화인데 당연히 10점 줘야지  ,1
호날두가 안나와서 7점  ,1
드라마 레파토릴 그대로 집어 넣은건 멍미... 초반에 그 오바의 오글거림은... 후반엔 좀 훈훈하게 끝나서 좋았다만... 사와다 신이 안나와서 아쉽...  ,1
저런선생님이 있으면 좋겠다  ,1
고쿠센 짱! 역시 고쿠센~ ㅋㄷㅋㄷ  ,1
고쿠센1부터 영화까지 음악들이 너무 좋다.  ,1
드라마와 영화의내용은 별반 다를거 없어보였지만 나카마유키에가 더무비 역시 잘 소화를 해준것같아요중반쯤에 어찌나 가슴이 짠하던지..ㅋ  ,1
우리나라에 왜 저런선생이 없나..  ,1
역시 고쿠센 완전 재미있음~특히 미우라 하루마가 제일 멌있음~ㅋㅋㅋ  ,1
지금에서야 봤네요 ㅋㅋ중학생때 고쿠센보면서 여러가지 생각을 했는데 ㅋㅋ 대학생인 지금 더무비를 보니까 감회가 새롭네요 ㅋㅋㅋㅋ 조금 유치하기도 하고 ㅋㅋㅋㅋ 고쿠센 1을 보던 그 때가 생각나기도 하고 ㅋㅋㅋㅋ 하여튼.. 잘봤습니다.  ,1
보면서 내내 양쿠미같은 선생님이 되어야지!라고 생각했다. 역시 고쿠센'-^다웠다. 마지막까지 감동과 교훈을 주는 영화임♥  ,1
크게 재미는 없으나 반가운 인물들이 많이 등장해서 ..  ,1
안경벗은 카림라시드 볼수있음  ,1
스스로가 어떤 디자이너인지 정의하는 것은 ‘자신이 세상을 어떻게 바라보느냐’를 나타내는 것  ,1
" 디자인 시작한지 얼마 안된 학생인데 DDP에서 상영해서 보게 되었고요 영화를 보고 디자인 철학에 대해서 더 깊이 생각해 볼 수 있는 계기가 된 것 같습니다. 카림 라시드, 나오토 후카사와등 유명 디자이너의 생각도 들을 수 있어서 좋았습니다.  ",1
우리에게 소중한 디자인  ,1
Sell dreams Not product  ,1
이런 영화가 더 많아지면 좋겠다  ,1
우리 인생에 녹아드는 디자인  ,1
이제 디자인은 현대인의 교양이지  ,1
"단순히 기능적, 심미적 집합체만이 디자인은 아니다  ",1
디자이너의 삶은 아름답다  ,1
밤에봐서 그런지 꽤나 스릴 있고 심심하지 않앗네요  ,1
나름 재미있었음.  ,1
그런대로 박진감있는 영화  ,1
솔직히 초반부엔 기대가 많이 됬는데 의외로 너무 너무 싱거웠다.......  ,1
몇번을 꼰다고 했지만 어디서 본 듯 하고 허술하다.  ,0
전펀보다는명성이떨어질수밖에없지만..이병헌땜에안본다고?난70세가다되도힘들게액션연기를소화해내신아놀드슈왈제네거형님때문이라도볼꺼다.  ,1
아놀드 슈왈제네거라 쓰고 터미네이터라 읽는다.  ,1
"관람객1,2에 비하면 터미네이터특유의 어두운분위기와 적당히 잔인한묘사가 모두 사라져버렸다 하지만 그래도 내가 십점을 주는이유는, 세월을 자연스럽게 인정하며 지나가는 아놀드 성님의 감동때문이다 터미네이터와 함께자란세대로써 꼭한번 보기는해야하는 영화  ",1
이야~주지사형님 그래도 여전하시네ㅎㅎ        오랫동안 액션배우로 남아주시길~  ,1
I have been waiting for you!  ,1
관람객아놀드 형님하고 T-3000보러감. 재미있었음.. 이병헌은 비중이 별로 많지를 않네  ,1
관람객내용을 기가막히게 전 시리즈와 이어가면서 초반부터 지루함없이 재밌게 봤습니다.  ,1
솔직히 아놀드형님이랑 과거아놀드랑 뜰때 지렸잖아....  ,1
아놀드 형님 나오면 무조건 바야지.. 그것도 터미네이터인데 ㅋㅋ  ,1
관람객전쟁은 잠시 미루어졌을뿐이다. 다음편을 기대하겠습니다. 주지사님 업그레이드 축하 드립니다~  ,1
로건레먼 비주얼 덕분에 끝까지 참고 볼 수 있었다  ,1
번개도둑 보다가 재밋어가지고 괴물과바다 볼려고 평점 봣는데 낮길래 번개도둑 평점 보려고 왓는데 왤케 재미 없다고 하짘ㅋㅋㅋㅋ난 재밋엇는데 그럼 괴물과 바다도 내 취향이란 거네ㅋㅋㅋ  ,1
원래  신으로주제한영화들은솔직히다 그래픽으로해야해서어쩔수없이어색한면이잇다 근데이건어색한것도많이잇지않고볼만하다 은근잼씀  ,1
유치한데.. 재미있네... ^^ 평점이 너무 낮아 좀 올려야 할 듯 애기들과 함께 보면 재미있을 듯  ,1
판타지가 너무 많이 나와서 신선도가 떨어지지만 그래도 영화적인 재미는 충분하다고 할까  ,1
판타지를 좋아하는 사람이라면 굉장히 재미있게 볼 수 있다고 생각됩니다. 아이들과 판타지를 좋아하는 어른들 - 가족과 함께 재미 있게 볼 수 있는 흥미있고 깔끔한 영화였던 것 같습니다.  ,1
원작의 긴장감은 어디로 가고 원작에서 퍼시가 포세이돈의 아들인 것이 드러나는 장면이 정말 전율을 일으키는 장면 중 하나였는데 실망...  ,0
"책이 엄청난 명작이기에 기대를 많이 했지만, 영화가 책의 반의반의반도 못미친다.이걸 보고 흥미가 생겼다면 꼭 원작인 책을 읽어보길 바란다크리스 콜럼버스에게 굉장한 실망감을 느낃이렇게 뛰어난 책을 가지고 이렇게 망가뜨려 놓을 수 있다니.놀랍다.  ",0
재밋다 내용이알차다  ,1
괜찮은영화였지만 원작을본터라기대가컸던탓에 조금실망할수밖에없었다. 책의내용에비해허술한면이없잖아있었다. 2편은원작얘기가나오지않게재밌었으면한다.  ,1
옥에티도 너무많고 스토리토한 엉성  ,0
그렇게 까지 ... 쓰레기 영화는 아닌데... 볼만하던데요~  ,1
대역인게 티가 확나고.. 영화가 뭐가 이리 어설프냐.. 스토리도 영~  ,0
그냥 맘 편하게 봐야 하는 TV영화다  ,1
그들의 사랑이 좀 더 설득적이었다면.  ,0
남주는 너무 훈훈한데 08년제작 맞나싶게 촌스런 피겨의상만큼 촌스런 로맨스  ,1
난 이런건 영 기대되지 않는다구  ,0
기대되네요  ,1
사형제 폐지를 다룬 영화라니 정말 기대되네요 ^^  ,1
기대됩니다~  ,1
'발정'을 '사랑'으로 읽으려는 두 가난한 연극배우의 수난기.  ,0
불륜을 젊음의 사랑으로 미화한듯한.... 찬영의 부인만 불쌍하다는 생각.  ,0
사실적이고 섬세한 표현들이 마음에 잔잔히 오래 세겨지게 만드는 영화..  ,1
힘내! 라는 이 한마디가 이렇게 내 마음을 후벼팔줄은 정말 몰랐다..  ,1
 말하지 않아도 내 마음을 아는사람.익숙함에 속아 소중한 것을 잃지말자.  ,1
정말 재밌게 잘봤습니다배우들의 내면연기가 많은 생각을 하게 만드네요비슷한 경험이 있어서 그런지 보는내내 결론이 궁금했는데.. 다행이 해피엔딩이라 후련하네요  ,1
바람이 사랑이 되고...외도가 설렘이 된다는 사기극방탕함을 예술가의 자유로움으로 포장하는 더러운 영화요즘 미투가 생각난다  ,0
나름 괜찮던데....  ,0
깊은 감동이나 임팩트는 없지만 잔잔하고 아련하다...  ,1
그냥 풋풋하고 귀엽긴한데... 이켠 신동미 커플 연기가 좀.... 특히 어색한 사투리는 손발에 힘들어간다... 고준희 매력발견정도 가 소득  ,1
이것이 진정 명품 다큐멘터리  ,1
기대가 컸으나 반복되는 내용이 넘 많다.  ,1
훌륭한 작품이라고 생각합니다..  ,1
놀라운 호러 영화. 미장센의 완벽한 조화. 소름끼치도록 아름답다  ,1
아주 아주 아주 재밌다..  ,1
명작이다. 마지막 주인공의 회개는 감동마저 안겨준다.  ,1
사람을 배추심듯 ㅎㅎㅎ. 공포는 없고 은근히 웃기다. 방부제.  ,1
걸작이다  ,1
슬프네. 연제욱 정말 연기잘하는 배우인듯..  ,1
직접봐야만 알수있는 영화~연제욱도 귀엽지만 이은우씨도 예뻐여^^  ,1
"만점 짜린 아니지만, 생각 많아지게 하는 영화. 단순하게 흘러가는 것만 보고 판단할 영화는 아니다  ",1
영화 괜찮네요... 우리사회의 어두운 단면을 보여주는..아 주인공 연기개쩔어 ㅠㅠ  ,1
무식한 것들아 영화 다시 돌려 봐라 아직 모르겠냐 ㅋㅋ  ,1
연제욱의 연기가 압권이다.정말 바보가 아닌가 하는 착각을...마지막씬만 뺴면 나름굿  ,1
연제욱의 연기는 차태현보다 뛰어났지만 스토리는 참으로 암울하다  ,1
연제욱연기잘하네ㅋㅋ이번엔바보연기도전인가?ㅋㅋ은우누나반야누나 이쁘다..ㅋㅋㅋ  ,1
연제욱은 폭력써클에서 멋졌다! 바보연기 그럭저럭!  ,1
연제옥님의 바보 연기 정말 최고입니다~  ,1
오늘 인디필름에서 보고 그림이 왠지 섬짓한게 지금우리학교는 작가가 그린건가 해서 찾아봤어요획기적이거나 하진않지만 무난한것같은데요 엔딩이 구조안되고 끝나는게 허무한것같았는데 좀 지나니 오히려 현실적이네요 생각도하게만들고  ,1
재미있는 작품.  ,1
흡입력있네요. 짧은데도 여운을 남겨 생각하게 만드는...^^ 좋은 작품 잘 봤습니다.  ,1
'헉' 하게 하는 작품이었어요 ... 대단하네요 ..  ,1
아.... 완전대박이에요!!  완전멋짐 !!!!!!!!!!!  ,1
단편은 거기서 거기.. 하지만 이 애니는 뭔가 다르네요  ,1
넘 슬펐어요.. ㅠㅠ  ,1
와~ 소름 ㅠㅠ  ,1
샷  ,1
95년 삼풍때를 다시 기억하게 하는 슬픈 작품이었어요.  ,1
억지웃음유도는 좀...  ,0
소박한 영웅들이여 홧팅  ,1
이거 짱 재밌어요    그리고 되게 감동적이에요   이영화 진짜진짜 재밌어요  ,1
잼있네요~^^아는 배우들도 많이 나오시고 ㅋ  ,1
관람할 영화는 어디에 있는지?요?  ,1
심오하고 어려운 영화도 좋지만 이런 쉽게 와닿는 희망찬 영화 너무좋은거 같아요  ,1
힘든 현실속에서도 화이팅!  ,1
잘 봤습니다.  ,0
현실에 적응해서 살아가는 내자신을 보는것 같네요 참 잘보았네요 화이팅^^  ,1
재미있게봤습니다  ,1
"두렵고 초조한 여로의 길. 여로야, 힘을내라.  ",1
근데 왜 하필 프랑스 입양아 설정이져? 극 속 대사는 다 영어로 처리중인데... 궁금  ,1
그렇지만 일단 빈캐리어 먼저 버리고 가자  ,0
설명없이는.. 도통 무슨 내용인지 모르겠네요..뭘 의도한 것인지도 잘 모르겠고..  ,0
노래는 좋은걸요~  ,1
뭔 내용인가요?  ,0
생각을 많이 하게되는 영화였습니다  ,1
멋집니다.  ,1
연출의도가 전혀...  ,0
안 와닿는다  ,0
미카즈키군 드디어 키리야마군이랑 결혼을  ,1
"함축적이고 은유적인 영화는 수도없이 많다. 그런 영화는 보고 나면 영화의 분위기와 감정, 여운까지 느껴지길 마련인데, 이 영화는 그럼에도 불구하고 모든게 너무 약하다. 좀 더 조화롭게 엮었어야 했다. 기본적으로 부자만을 위한 결말은 매우 좋았지만,  ",0
"일상속의 차분함과 신선한 스토리의 공존, 좋은 느낌이었다.  ",1
겉으론 티격태격하던 아버지와 아들 소소한재미찾는 영화임 ㅋ  ,1
"이건좀아님...흐휴,,  ",0
결국 행복을 찾아 어머니와 아내에게로 가버린 부자의 이야기  ,1
이 영화의 감독이 <시효경찰>의 구마모토상 ㅋㅋㅋㅋㅋㅋㅋㅋㅋㅋㅋㅋㅋㅋㅋㅋㅋㅋㅋ  ,1
이 영화의 감독이 시효경찰의 구마모토 상 ㅋㅋㅋㅋㅋㅋㅋㅋㅋㅋㅋㅋㅋㅋ  ,1
오다기리조를 좋아하지만...이건 뭔가! 공감제로의 추상화  ,0
연기는 좋다. 그러나...여백이 너무 많아서 그리다 만 그림같다.  ,0
"장 르누아르의 최고 걸작 중 하나.. 이 영화는 네오리얼리즘의 선구자적인 영화일만 하다. 특별한 사건 없이 묵묵하게 이민자들의 생활을 묘사한점, 로케이션 촬영, 연극적인 사운드의 배제 등은 네오리얼리즘 영화의 초석을 다진 듯 보인다.  ",1
와종빈이영화보소 쩌네요  ,1
버거운 삶에서 내게도 삶의 등대가 되어 줄 사람이 나타날까?  ,1
조하나씨 오랜만이네요.. 그래서 10점 ㅎㅎ  ,1
우와 종빈이 보소ㅋㅋㅋㅋ귀욤터지네요.  ,1
와...  ,1
정종빈 연기 굳ㅋㅋㅋ  ,1
좋은 영화입니다.  ,1
아동 주연 영화라서 인지..순수함과 의문의 교차되는 감성기대...궁금해지네요..^*^  ,1
한마디로 인생영화네요. 즐겁게 잘 봤습니다  ,1
이런 고자 영화를 봤나  ,0
감독만을 위한 영화  ,0
"내가 피와 벌레를 싫어하는 걸 차치하더라도, 무슨 말을 하려는지도 모르겠더라.  ",0
관념과 철학적 사유는 좋으나...공감하지 못함을 서운해 하시지를 않기를...  ,0
일방적인 영화다. 관객 좀 고려해주시길  ,0
재미있음  ,1
"보통소년의 특별한 성장 이야기.. 감독도, 배우도, 아직은 성장 중~  ",1
주임공들이 전혀 학생같이 안생겨서 몰입도가 떨어짐. 딱봐도 30대로보임.캐스팅미스임.  ,0
철부지들의 쓰레기 줄거리  ,0
이래서 엄마가 쟤랑 놀지마 라고 하는 이유가 다 있음. 참 끼리끼리 논다.  ,1
우울한 척만 하는 영화.  ,0
청소년들의 성장 이야기를 담은 영화들이 여럿 있지만 이 영환 그저 그런듯...진짜 배우들이 학생같이 안생겨서 몰입도가 떨어진다 ㅋ  ,1
줄거리가 좋았습니다좀 아쉬운건 카메라를 더 좋은걸 썻으면.. 조금 덜 지루했을텐데..그리고 줄거리'소개'에 틀린것이 있더라고요.  ,1
그저아무말없이봤습니다빠졌네요  ,1
정말 좋은 영화네요...앞으로도 이런 영화 많이 기대할게요^^  ,1
간만에 좋은 영화 봅니다. 키노아이 독립영화제!!! 이런 좋은 영화 좀 많이 봤으면...  ,1
감독 OOO끼야 범죄자가 기형아 안면 장애 새끼한테 싸움 쳐 발리는게 말이되냐?  ,0
장르에 공포를 빼고 코미디를 넣는게 더 나은 방법일듯  ,0
초반 3분간이 이 영화의 클라이맥스였다.이후로는 그냥 바보들의 행진  ,0
징그럽기만 하네.....  ,1
말할 가치도 없는 희대의 쓰레기 영화다  ,0
보트 구멍내고 싸울때 여자애 기절해 있다가 벌떡 일어나는거 개웃김 ㅋㅋㅋㅋ  ,1
이 영화 상영하던 극장안이 데드캠프였을듯  ,0
솔찍히 평보고 눈썩을 각오하고 봤는데 그냥 볼만은하네 ㅎ  ,1
제이슨 급 피지컬을 보여주는 기형아 ㅋㅋㅋㅋ 나름 꿀잼ㅋㅋㅋ 존나웃김ㅋㅋㅋ  ,1
보고싶은데 볼수가 없다  ,0
잘 만들어진 영화라고 생각됩니다. 드라마에 강약이 적당히 반복되고 억지스럽지 않아서 좋습니다. 연기도 좋구요. 기자평점이 낮은이유를 모르겠네요.  ,1
영화는 평점에 비해서는 솔직히 괜찮은듯...추자연 연기쫌 하는듯...  ,1
한수연씨 진짜매력적이야..  ,1
재밌던데요??ㅋㅋ  ,1
맛깔나는 캐릭터에 맛깔나는 연출. 군더더기 없는 진행도 그렇고 참 재밌게 봤습니다. 추자연씨 연기  참 좋네요^^  ,1
충분히 현실적인데ㅎ 생각보다 재미나게 봐서10점  ,1
선배의 부인에 대한 동주의 대담한 구애가 비현실적으로 느껴졌다.  ,1
연기 다들 잘하시고 공감 할 만한 영화입니다. 참신하진 않지만 지루하지도 않음!!  ,1
재밌게 봤습니다~ 배우들 연기도 좋았어요  ,1
"기대하지 않아서 더 좋은 영화, 위험하고 가볍지만 예리하다.  ",1
'당신에게 일어나는 모든 일을 단순하게 받아들여라' 인생(문제)자체가 불확실한데 답이 확실하겠는가. 영화의 결말과 함께 다시 한번 묻게 된다. '그게 그렇게 중요한가?'  ,1
"세상사 모든 것 심각해하고 무겁고 힘들어 할 것 없다고. 다 지나가고, 지나가면 또 더 큰 것 내지 새로운 문제거리가 생긴다고. 그것이 우리 삶이라고 위로하네!  ",1
"때론 희망보다 냉소가 필요한 이유.. 아무것도 아니라는 것, 아무 의미도 없다는 것을 받아들이면 인생이 편해진다.  ",1
내내 낄낄거리다 종내 섬뜩해진다.  ,1
답 없는걸 이미 알고 있는데 불확실성 원리를 왜 풀어내냐고? 답 없는 인생을 왜 사냐는 질문을 하는것과 다를봐없지.  ,1
인생이라는 것이 원체 불확실한 것인데 문제에 대한 답이 어찌 확실할수 있으랴  ,1
말로 표현하지 못할 정도로 우울하다  ㅜㅜ  ,1
감독의 의도나 영화가 던지는 메시지는 알겠으나 조금 난해하다.  ,1
코엔 최고의 걸작. 그건 그렇고 화질은 죽이게 좋았다  ,1
부들부들잼. 나는 그냥 다 필요없고 영화 보는 내내 래리가 울지 말고 이런 씨발 세상이 OO으니 나도 내 좆대로 살래 한 마디만 했으면 좋겠다고 생각했다.. 그리고 래리 건강에 대해서는 안타깝지만 주변 상황이 1급 발암물질인데 어쩌겠음 암선고 받을 듯  ,1
한국 영화의 대작... 숨겨진 1000만 영화... 몰입도 최고 왜 이게 7점인지 이해가 안됨... 최소 8.5는 넘어야 한다고 생각  ,1
"이영화가 7.58이라니 믿을수없다 하정우,김윤석의연기는 한국영화사에 남을 수작인데..스토리도 잼있고 현실적이다  ",1
평점이상함 9점언저리 영화임 ㅇㅇ  ,1
적어도 8점은 되는 영환데 평점이 낮네요 상당히 잔인해사 그렇지 재미는 있습니다  ,1
두번봐야 제대로 이해될 듯  ,1
영화사상 최강의 캐릭터 면정학! 강철중도  아저씨원빈도 심지어 제이슨본도 소뼈를 든 그를 이길순 없다. 킬링 타이밍 최강! 내구도 더더욱 최강! 어벤져스말곤 인간계 최강의 캐릭터!!!  ,1
난 황해가 정말 우리나라 영화역사사상 걸작이라 생각한다. 몰입도나 스토리 배우연기 리얼리티 등등 사상최고  ,1
"이렇게 치밀하게 짜여진 스토리가 어설프다니...이 영화는 추격자를 뛰어넘는 수작입니다. 잔인한 이 사회를 여과 없이 보여주고, 현재 조선족들이 겪고 있는 부당한 처우와 인식들을 사실적으로 표현했습니다. 게다가 헐리우드 액션에 버금가는 추격씬까지...  ",1
너무 좋았다...나의 생존본능을 꿈틀이게 하는 처절한 영화.솔직히  베를린이나 도둑들하고는 차원이 다르다고 생각함.산속에서 울던 구남이랑 그 찢어진 운동화가 잊혀지지않는다. 음침하고 묵직하고 불편하고 그래도 또 보고싶은 정말 슬픈 영화.  ,1
완성도 높은작품입니다. 7점대는 너무 짜요..... 최소한 9점이상은 되야하는데  ,1
도깨비세상이 너무 멋져요♥  ,1
강추예요 가슴따뜻한 영화였습니다  ,1
달달한(?)영화 였다...개인적으로 감동있게 보았다..그리고 영화에서의 주인공에게 일어난 일이..10년전에 내 가족중에게서 일어난 일을 떠올리게 한다는...ㅠ.ㅠ  ,1
이거완전감동많이주고 자고있던감성을깨워주네요.....  ,1
존경합니다. 그리고 응원합니다.  ,1
저 상황에서 나는 무엇을 할 수 있었을까..  ,1
"왕3,,  ",1
잔잔함이... 내머릿속에 남네용^^  ,1
진짜 재밌게봤습니다 볼만하구요 감동적이네여 다들감수성이없으시네..  ,1
슬픈 여운이 남는 영화. 그래도 엔딩에서 밝혀지는 빛의 정체때문인지 희망이 느껴진다.  ,1
그냥 잔잔함이 전부인 영화... 감동도 없고 이건 뭐지 하면서 봤네요 ㅋㅋㅋ  아역배우랑 서지혜씨 보면서 겨우 마지막까지봤음...  ,0
나는 진짜 토르가 브래드피튼줄 알았다;;  ,1
"동물가게에서 ""말을 주시오""할때 존나 뿜었넼ㅋㅋㅋㅋ  ",1
로키 출생의비밀 듣고 오열할때 연기쩌네 ㄷㄷ 확실히 마블이 히들스턴 잘 캐스팅 한듯  ,1
신이 슈퍼히어로가 되는 순간  ,1
결말이 살짝 아쉬웠지만 훌룡함!특히 CG가 정말 멋져서 ㅠ마블 팬이라면 추천!  ,1
토르랑 제인 어정쩡하고 스토리도 유치한데 로키연기때문에 점수높아졌다 눈물그렁그렁 귀여운...감수성 예민한 로키를 보니 좋구나  ,1
예쁜 로키ㅋ  ,1
다크월드가 기대된다  ,1
안타까운 악당. 다혈질 영웅  ,1
볼만 했던 영화~^^ 토르2 기대되네용  ,1
스토리가 부모님이 계시지 않은 영화  ,0
데드풀에서 웨이드가 녹색슈트는 안된다는게 이뜻인가ㅋㅋㅋ  ,1
영화 볼줄 모르네 판타스틱 4 보고 오면 10점 줄 수 밖에 없을거다  ,1
이거 잘됐으면 저스티스리그 나오는데 ㅠ  ,1
"안녕, 데드풀2 관람자들?!  ",1
"이걸 같이 보자고 하는 사람에게는 이렇게 답해주자. ""아니다 이 악마야!""  ",0
DC코믹스의 영화 프로젝트들을 나락으로 빠트린 졸작. 원작에서는 할조던을 포함해 그린랜턴들을 죄다 이기는 패럴렉스가 여기서는 할조던 한명한테 패배한다. 참나.  ,0
미래에서 왔습니다 이제 그린랜턴은 존재 하지 않습니다  ,1
이제 큰물에서 노는거야!! (탕)  ,1
그린호넷보다는 낫다.  ,0
"도대체가 왜 이렇게 평점이 낮은지 이해가 안되네 쉬즈더맨,늑대소년 같은 3류영화한테는 8~9점주면서..우리나라 사람들 그렇게 영화보는 수준이낮은건가 아니면 네이버 수준이 낮은건가  ",1
테일러나와서 ㅋㅋ  ,1
스위프트때문에 10점  ,1
8점이 적당한데 테일러 스위프트 때문에 2점 더줌.... 테일러 너무 귀여워...!!!!  ,1
"정말 따뜻한 영화다. 사랑하면 절실해지고 힘들어지고 어렵지만서도 그래도 사랑하고 싶다고 느꼈다. 이 영화는 오히려 사랑을 안하고 있는 사람들에게 추천한다. 사랑하고싶어질거다. 러브엑츄얼리와 비슷하지만, 사랑에 대해 좀더 현실적으로 그린 점이 좋았다.  ",1
테일러 스위프트 !  ㅋ  ,1
자기전 행복한 영화내가 좋아하는 배우들 다 나와서 좋다 이런 영화도 하나쯤 필요하다  ,1
엠마로버트때문에 봤는데 나름 보기 좋았다 ㅋㅋ 귀족 캐스팅이야 영화가 아주  ,1
just i can't undertand why the introduction of movie say alba is the maincharacter :l  ,1
나오신 배우들이 쩌는구만....  일단 테일러 스위프트 짱  ,1
"아이가 액자를 모으는 취미를 가진 이유가 이 영화의 주제다. 그 이유를  알았을때 정말 마음한켠이 뭉클하더라, 아이에겐 정말 필요한것이 무엇인지 다시 한번 느꼈다.  ",1
네이버평점 믿지 마세요 분명 볼만한 영화에요  ,1
평점이 왜이런지 모르겠다ㅋㅋㅋ 진짜재밌고 엄청웃긴영화인데...완전 애기도 너무귀여워서 미칠거같고 둘다 연기도잘하고 너무 재밌었음  ,1
잔잔하다.제니퍼 이뻐.  ,1
내 아를 놔도.. 사나이네.. 쿨한 미국을 볼수 있었고.. 흐뭇하게 봤네요..  ,1
첨엔 좀 지루한 감이 있었는데 아이가 등장하면서 잼있었습니다.넘 사랑스런 아이~~  ,1
똥배나온 아이도 귀엽고... 질질 끄는 것 같아서 답답하긴 하지만 꽤 괜찮은 영화^^  ,1
보는내내 유쾌하고 시간 가는 줄 모르게 만드는 영화!추천  ,1
우스꽝스러운 미국영화 열자  ,1
제니퍼 애니스톤이 나온 영화는 다 좋다. 연기도 잘하고 이쁘고..  ,1
르브폰의 팬이라면 반드시 봐야하는 영화  ,1
아버지가없는르브론제임스는어머니와함께힘겹게살아왔다동네친구들과SVSM에진학한후고교막반우승을함께하였지작년어빙과러브없이골든스테이트에게2-4로진후올해도1-3르브론의체이스다운블락어빙의3점슛뱅러브의커리3점수비20日4-3으로고향클리블랜드에첫우승을안긴르브론^-^)V3  ,1
르브론에게 이런 비하인드스토리가 있었다니..슬램덩크 저리가라할 정도네요 그동안 개인적으로 르브론 안좋게 보았는데 미디어에서 악역으로 만들었다는 느낌이 조금씩 생깁니다 ㅎㅎ nba좋아하고 르브론 안다면 재밌게볼있을겁니다.브라더ㅋ 흑인특유의유대감도 인상적  ,1
농구 관심있으시면 무조건 보세요!!  ,1
농구 그 이상  ,1
최고ㅜㅜ  ,1
아.. Damn!이란 말밖에.... 최고다.  ,1
"NBA팬이라면 당연히 봐야되고, 농구를 잘 모르는 분이라도 적극 추천!! 이건 르브론 제임스를 위한 스타 찬양 다큐가 아니다.  ",1
ㅜㅜㅜ진짜재밋다  ,1
최고의 영화입니다. 최고의 영화 최고의 영화입니다.  ,1
솔직히 꼬마애 진짜 짜증남 하나부터 열까지 도움 안됨 킴이 젤 불쌍합 아빠도 지딸에 정신팔려서 끌려들어가는 킴 보고만있는것도 어이없고 - - 상식적으로 킴이 더 위험했고 붙잡아 줬으면 끌어낼수도 있었을텐데 보는 내내 꼬마애때매 짜증나고 속터짐  ,0
환기구 입구를 막고 연막탄을 터트리던가 세스코를 부르세요  ,1
보다가 답답해서 암걸릴뻔  ,0
딸년  짜증  아빠넘 호구 케이트홈즈만 정상인...한마디로 보면 스트레스 쌓이니까 보지마라.  ,0
그럴싸하게 보이지만 허술하고 부실하다.  ,0
영화를 보는내내 답답하고 결말은 찝찝함. 그리고 아빠놈은 무능력자  ,0
아빠 이 답답한 놈. 그냥 내가 영화에 들어가 죽여버리고 싶네.  ,0
"길예르모 델 토르 감독.판의 미로 이후로 본 영화들은 죄다 기대 이하.. 기대는 안하고 봤는데,가끔씩 긴장감과 막판에 재미가 있었지만,러닝타임 내내 너무 평범하고 약간 지루함도 있다.마지막 킴의 목소리는 조금 의외~괴물?들이 작아서인지 넘 유치하기도;  ",1
킴이 결국 이빨요정되는건가??마지막목소리가 킴인데  ,0
아빠가 죽었어야 하는 영화  ,0
"딱! 초반 10분만 재밌는 영화, 흥미로운 소재를 가지고 이렇게까지 형편없게 할줄이야,  ",0
쥰나 지루하고 재미없다.  애들도 안보것네. 그리고 감독은 왜 악역에 동양인을 캐스팅했을까?ㅋㅋㅋㅋㅋㅋㅋㅋ나참ㅋㅋㅋㅋ  ,0
"신인때나 하던 복고 코미디를 다시 하는 브랜든의 처절함.  켄정의 약빤듯한  외계어 연기, 블루라군 초절정 미녀의 망가진 모습만 기억에 남는 영화. 킬링타임용 영화론 그럭저럭..  ",1
정신줄놓구 막싸지르기로 작정하면 얼마든지 가능함을 보여주는 영화. 브랜든과 켄정의 연기빼구는 볼것없는 허접함.  ,0
블루쉴즈46살 아닌가??왜 저리 늙었니  ,0
유치원수준의 스토리에 브랜든프레이저의 미친 아저씨몸매+브룩쉴즈의 미친 60살 얼굴  ,0
[3점] 그만하자 너무 식상하다  ,0
진짜 못참을 정도로 망작이었다.  ,0
지루한 러닝타임.뻔한 미국식 결말 6점이 제격  ,1
"완전완전 애들영화..,  ",0
이상한 영화들 9점대에 수두룩한데 네이버 평점 정말 믿을게 못되는구나~취향의 차이를 떠나서 이 영화를 지루하다는 이유로 영화에 담긴 목소리도 못 듣고 깎아내리는 사람들은 이 영화를 볼 수준이 못되는 듯 합니다.  ,1
"이 영화의 씬 하나, 대사 하나가 내가 우울증을 앓았을 때의 모습과 일치해서 가슴이 아팠다. 소장해서 몇 번씩 보고싶다.  ",1
모두가 다 공감해야만 10점을 받는것은 아니라고 봅니다. 대책없는 살인이야기와폭력이야기가 주류인 영화속에서...조용하면서도 우아한 경종을 우리는 영화였습니다. 멜깁슨의 그 처절한 연기력에 박수 한번 더 칩니다. 감독의 탁월한 표현력또한 감탄하구요..  ,1
10점을 주고 싶지만 영화 수준이 너무 높은지 대중적으로 사람들이 공감하지 못하는 듯 하여 9점을 줌.이 영화...그냥 집어본 영환데 보는 내내 감탄했다.이 표현력 구성력...카타르시스..소장하고 싶은 영화에 추가해봄.....  ,1
네이버 영화... 이게 코미디인가요? 무조건 사람과 인형이 있는 포스터만 보구 정한것 같네요.  ,1
비버는 회피를 통해 거짓 행복을 가져다준다. 진정 행복해지려면 숨지 않고 거짓말하지 않고 상처와 맞짱떠야 한다. 그러면서 기꺼이 나와 함께 해주는 주위의 사람들을 늘 기억할 것..  ,1
"이렇게 우울증을 잘 묘사한 영화는 드물 것이라고 생각한다. 과거를 통째로 지워버리고 싶고, 스스로도 괴롭지만 주변에 해만 끼치는 것 같아 더 괴로워하는 멜깁슨의 모습이 바로 내 모습이었다. TV 인터뷰하는 장면에선 눈물이 흐를 수밖에 없었다.  ",1
"겉은 한없이 유치하지만, 속은 끝없이 깊은 영화  ",1
"슬프다, 안타깝다, 그렇지만 희망이 보이는 영화  ",1
"아무리 절박해도 내가 비버는 될수 있지만 비버가 내가 될 순 없지, 그럼  ",1
주인공에 감정이입해서 봤더니 스릴만점 내가 다 고통스럽다  ,1
나홀로 집에 성인버전.  ,1
한 번 모신 고객은 끝까지 책임지는 투철한 직업 의식  ,1
일단 공포/스릴러 영화에서.....가장 중요한 긴장감과 스릴은 있다!!  ,1
평점이 너무 낮다. 난 재밌던데. 밀폐된 공간에서 이뤄지는 내용이라 긴장감도 있고 잔인함도 적당하고. 영화라는 걸 감안하면 딱히 부자연스러운 전개도 없지 않았나?  ,1
좁은공간에서 느낄수 있는 스릴감 공포감은 충분히 좋다  ,1
이야 몰입도 최강!  ,1
너무 무섭다 진짜 영화 땀줄줄난다.............헐  ,1
스릴쩐다  ,1
역대 스릴러중 최고의 긴장감  ,1
안타깝다~ 용두 사미 ㅠㅠ 갑수형 연기 대박 ㄷㄷ  ,1
중간에 삐걱하다 마지막편 엔딩곡에서 확 깨네;  ,1
메세지를 담고있는 공포 드라마  ,1
난 진짜 재미있게봤는데 시우역할에 초신성멤버랑 특히 신예 임주은씨의연기일품  ,1
"시청률에 좌우치않고 소신껏, 나타내고자한 메세지를 훌륭히 전달한제작진에게박수를.  ",1
오랜만에 제대로된 드라마.  ,1
연기도좋고 스토리좋고 욕하는이유를모르겠네 또보는중이에요 ㅎ  ,1
재밌다  ,1
나름 재밌게 봤던 기억이...  ,1
결말만 완벽했으면 시청률집어치우고 명작이되었을껀뎅..  ,1
에휴... 영화 자체로 보면 진짜 10점도 모질란다... 기독교적인 마인드가  있지만 그래도 이건 최고의 수작이다... 평점 너무 낮다 진짜 ㅡㅡ 나도 영화 까다롭게 보는 사람이지만 이건 진짜 적어도 8점이상이다ㅡ 안본사람들 꼭 보길바랍니다!!!  ,1
씨네21 김종철  저인간 도대체 뭐하는 인간인가요 나무아미타불 관세음보살..? 성의가 없는건지 뭔 말도안되는 허세인지 어이가없어서 말도안나오네요.. 전문가평점란 그냥 아예 없애버렸으면 좋겠습니다  ,1
멍충이들아 성경을 세상을 지배할 수 있는 책이라고 치켜세우는건 악당인 카네기지 일라이가 아냐.. 그리고 후반부에 일라이덕에 써진 성경이 꽃혀질땐 옆에 다른 종교들의 성전들도 있었고.. 그러니까 종교적인 이유보단 인류 자체를 보존한다는 성격을 띈거지  ,1
재미있었음.  ,1
평점 왜이래? 기독교색 있어서? 난 무신론자이고 반기독교 성향이 강하지만 재밌게봤다. 이 영화가 전달하고자 하는건 종교적인게 아닐텐데? 평론가 새끼들은 약처먹엇나? 저런 놈들이 평론가랍시고 돈처받다니 참.. 나무아비타불이뭐냐? 창피한줄알아라 평론가들아  ,1
이게 왜 개독영화냐 멍청이들아 게리올드만 대사중에도 나오지 않냐 자기가 도시 무지한 자들을 마음대로 부릴 수 있는 가장 큰 무기가 종교라고 직접적으로 말하는데도  ,1
재밌는데 평점이 왜이래. 8점 이상은 줘야지  ,1
마틴 루터의 종교개혁을 나타낸거랄까...종교영화라고 까는 애들은 영화를 못 보는것과 같지  ,1
김종철 평론가 짤라야된다.평론가 신분으로 저소리 떠들다간 평론가 위신 망치고말지  ,1
"시대적 배경만 미래였을뿐, 영화에서 보여주고자 했던 메시지는 잘 전달된 것 같습니다. 분위기와 영상미도 좋았구요^^오랫만에 여운이 남는 좋은 영화였습니다  ",1
배우와 자연이 연기한다.  ,1
"클래식 음악을 배경으로 산을, 인생을, 한걸음 한걸음 확실하게 딛는다.  ",1
허무함이 느껴지는 정상등정의 순간은 아쉽고 큰 변동없이 앞만보고 진행되는듯한 이야기의 단조로움은 지루함을 유발한다. 하지만 실제 산에 오르듯 차근차근 진행되는 긴 호홉의 묘미와 멋진 영상미는 영화전반에 흐르는 클래식과 유사한 느낌으로 멋드러지게 어울림  ,1
"50% 봤는데 영상 좋다. 일본 알프스, 산 좋아 하는 사람이면 good.!!  ",1
다시 봐도 이건 정말 명작이야  ,1
"오직 지도의 완성을 위해 목숨까지 걸었던 대단한 도전정신...내용전개는 다소 평평한 느낌이지만,특수효과나 별다른 기술없이스텝,배우 모두 실제로 등정하며 힘들게 촬영했다던 점이 더 많이 와닿아웬지모를 잔잔한 여운과 가슴 뭉클함이 전해져오던  ",1
영상미가  대박이요 ㅋㅋㅋ  ,1
목적과 목표가 있는 사람들의 집념. 자연풍광이 아름답게 그려졌다  ,1
"영상미가 , 돋보이는 , 수작입니다. 일본 아카데미를 휩쓸만 하네요.  ",1
이런 영화도 필요하다. 볼만한 영화였음. 대중적인영화는 아니므로 참고하시길.  ,1
데츠카 오사무원작의 훌륭함은 온데간데도 없는 영화.원작은 차이나타운처럼 사회비판  ,0
초반 액션씬부터 조잡하게 시작...스토리따라가기바쁜...졸작..  ,0
내가 원작을 안봐서 그런가?재밌는데???외국인들 연기는 소름돋을 정도로 못해서 그게 좀 아쉽ㅋㅋㅋ  ,1
배우의 똥폼...오바하지도 않아도 되는데 오바되는 감정연기.. 오히려 거북하다.  ,0
굿  ,1
후반으로 치닫을수록 급속도로 떨어지는 몰입도.  ,0
영화제에서 개봉해서 몇분만에 매진인 영화치곤 실망  ,1
으으~~ 이게 뭐야타마키 멋있지만.. 멋있는거 티내려는 영화같어 잠수할 때 진짜 폭소  ,0
국가를 향한 처절한 복수  ,1
"복수의 처절함이 느껴지지 않는군, 설정은 좋았는데  ",1
빨리 보고 싶습니다.  ,1
보고싶어요 진짜ㅠㅜㅜ  ,1
진짜  최고. 액션은  이미  우리가 아는 호빵맨이 아니다.  ,1
"와~놀랍다.의연출을,카와고에준에게 맡기다니...  ",1
마음에 듭니다.  ,1
좋아요.  ,1
기대 하겠습니다.  ,1
재미 있어요.  ,1
재미 있을 것 같습니다.  ,1
뭔가 한편의 연극같았던 영화. 역사 속에서 스러져간 개인들의 슬픈 인생...  ,1
파쇼에 가까운 공산 이념 보다 중요한 건 웃음과 유머 그리고 삶. 웃기고 슬프고 아름답습니다.  ,1
괴물의 시대... 마음을 울린다  ,1
이데올로기에 의해 짓밟힌 루마니아인들의 소련 공산주의에 대한 야유. 블랙코메디  ,1
유머와 감동까지 있는 작품이네요! 정말 좋았어요!  ,1
요근래 본 영화중 단연 최고입니다.. 한순간도 빠짐없이 흥미진진하고 유머러스하지만 심금을 울리네요  ,1
진짜 영화 소제가 참신했슴 슬랩스틱 코미디속에  블렉 코미디를 집어넣었다.  은위는 언플좀 하지말고 이것좋 보고배우333  ,1
웃픈 영화입니다.  ,1
"순수, 재치, 애수  ",1
비극 속에 소소한 희극을 곁들인 이안쿠와 마라를 위한 조용한 or 성대한 결혼식^-^o  ,1
우와 장난아니다.... OOO기야...  미치는줄....  ,0
한국에 대해 어설프게 아는 재미교포 3세들에게 물어보면서 영화 만든듯  ,0
왜 '0'점이 없을까..?  ,0
막장의 진수를 보여주다.  ,0
"아 OO, 제목에 낚였다  ",0
망가지는 방법도 가지가지  ,0
포스터 보면 진짜  기대 안되네요.  ,0
분리수거도 안돼는 쓰레기..  ,0
정말 쓰레기다...아트오브워 이건 아닌듯..  ,0
자자 이 영화도 낚시 갑시다~~ 평점 9.5를 향해~~ 출발~!  ,1
그저 가슴 수술녀의 이름만 궁금한 영화  ,0
영화대충만든듯하네요..그래도끝까지 보려고했것만..중간쯤에김창완안경에 촬영스텝비치는거보고 완전히허술하다는느낌밖에는...쩝...완전비추  ,0
김창완빼고 다 병. 명배우를 씹작에 투입시켜 싸잡아 욕먹게 만드는 감독은 반성해야 할거임. 김창완옹땜에 별점은 후하게줌.  ,1
꼭두각시와 닥터 올해 한국영화의 큰수확임..클레멘타인의 계보를이을 수작 두편이 같은시기에나왔다는건 정말 스페셜한 일이다. 보라 느껴라 그리고 분노하라.  ,0
돈내고 관람한 내가 희대의 호.구.  ,0
김창완의 소름돋는연기  ,1
수술대에서 심정지한 여자 이름 아시는분~  ,0
이영화의 젤큰반전은 공포영화라는거진심 그냥 영화가아니라 영상임 영상물 돈주고 봣음  ,0
30분부터 포기하고 개그물이라고 생각하고 보니까 기분이 한결 낫더라고여  재밌게봤어요~  ,0
사이코패스 영화 많이 봤지만 친근한 배우가 그런 역할을 하다보니 더 무서웠음  ,1
"아, 이 순수하게 빛나는 누벨바그의 첫사랑이여.  ",1
누벨바그가 낳은 명작 중 한편.. 우연적인 만남과 첫사랑 그리고 인생이야기.. 후반부 슬로우 모션 장면은 정말 감각적이고 아름답다. 로케이션 촬영된 낭트의 거리들과 자연광도 잊을 수 없으며 사랑과 인생 그리고 우연에 관해 이야기하는 주제도 좋다.  ,1
"존나 보고 싶네, 어디 구할수 있는데 없나  ",1
"잊을 수 없을꺼 같다..그 거리, 실내, 지나침, 우연...사람...슬로우 모션....  ",1
흠  ,1
흠  ,1
무언가 단순하면서도 좀더 의미 있는 듯한 이런 스타일의 영화가 마음에 든다  ,1
머가 가는가 했더니...그냥 집에갔넹..ㅋ  ,0
머가가는지....  ,0
아무도안햇어  ,1
그냥가 이거 보면 ㅋ  ,1
그냥 10점 열자채우기  ,1
그냥.... 양익준감독이좋아서  ,1
감정의 결이 옅어서 몰입할 수 없어.  ,0
그랬었던 모두의 기억..  ,0
독립영화와 단편영화를 사랑합니다. 잘 보았습니다  ,1
그닥  ,0
우왕ㅋ굳ㅋ  ,1
난3등  ,1
1등이네. ㅎ  ,1
저는 2등 입미다~  ,1
1등 이다 흐ㅡㅡㅡㅡㅡㅡㅡㅡㅡㅡㅡㅡㅡㅡㅡㅡㅡ  ,1
로이스터 김성근 김경문 이 3명의 감독이 이 시기에 한국프로야구를 한단계 더 올려놓지 않았나 쉽다. 지금은? 개판이다. 팀컬러도 없는 그저그런 안일한 플레이가 판치고 있으며 미래가 없다. 6위팀까지 승률이 5할이 넘는다. 이건 사상 유례없는 일이다.  ,1
김주찬 손아섭 조성환 홍성흔 이대호 가르시아 강민호 전준우 박기혁(문규현)사도스키 장원준 송승준 이재곤 김수완 배장호 강영식 김사율 허준혁 이정훈   임경완  ,1
"기아팬인데, 예고편만 봐도 멋지네요...이런 영화 아주 젛은 거 같아요. 현실성도 있고....다른 팀들도 이런 영하 나와야 할텐데..  ",1
처음엔 강민호팬이라서 보게된 영화였는데 보면볼수록 감동적이고 .. 롯데라는 팀이 이렇게 고난을 겪어서 올라온지 몰랐고 ^^.. 그냥 롯데짱짱맨!!  ,1
감명깊고 여운이 많이 남는 야구영화.  ,1
평점이 왜이러냐. 감동이다  ,1
감동의 야구 영화  ,1
롯데 화이팅 ㅋㅋ  ,1
음 좋네요.. 롯데팬이라 ㅋ다른 구단들 것도 나왔으면 좋겠네요  나는 호랑이다 등.  ,1
굿!!~  ,1
생생히 느껴지는 스무살의 외로움.  ,1
나의 것들을 보는 듯한 느낌. 최고의 영화.  ,1
"감성,미성년,유목하는소년,방랑자,그리고진정성  ",1
봐라 그럼 느껴질테니  ,1
볼만했다  ,1
약간 지루하지만..나름 볼만하다..  ,0
보는내내 베라와 엑슬을 업고다닌마냥 동화될수있었다. 세련된 성장영화.  ,1
영화를 보는 내내 취한 듯 꿈꾸는 기분이었다.  ,1
시간낭비.  ,0
버팔로 66같은 느낌... 꽤 괜찮음.  ,1
"네이키드런치의 음악도, 옴니버스로 펼쳐지는 영화도 참 좋았다.  ",1
스토리 구성이 단순하긴 했지만  배우들의 감정이 쉽게 전달 받을 수 있었다. 배우들의 본업이 가수다 보니까 음악이 상당히 인상 적이었다.  ,1
솔직히연기는기대안했는데 풋풋&순수함이느껴져서 나름좋았다고할까요ㅎ 음악은최고!!  ,1
우윳빛깔한희정  ,1
과장되지 않은 점은 매력이네요... 배경음악과 분위기 연기들도 의외로 좋았습니다  ,1
연기로는 서툴지만 음악과 표정으로 소통된 영화. 음악의 여운이 진하게  ,1
달달한 음악영화~~!! 포근한 내용이 정말 좋아요~~!!  ,1
뒤늦게 봤는데..잔잔하니 좋았습니다.  ,1
좋다  ,1
한국판 원스... 음악과 풋풋한 영상 좋다  ,1
음악과 영화가 조화롭네요 우앗  ,1
베를린 콜링을 만들어준걸 신에게 감사드린다  ,1
대단한 음악들...이걸 무슨말로 표현해야할지...죽었던것들이 살아나는느낌?  ,1
굿  ,1
베를린 힙스터들 이야기?  ,0
영화가 시대를 역행하듯 겁나 교훈적이다.  ,0
 평점이 왜이리 낮지... 마지막 장면에 피아노 협주곡을 연주하는 클라라와 그걸 바라보는 브람스의 눈빛이 잊히지가 않음..  ,1
음악을 사랑하는 감성이 풍부한 인간미 넘치는 예술 작품  ,1
클라라가 안나와서  별1개 깍음  ,1
슈만의음악이상대적으로덜나와서조금아쉬웠지만셋의러브스토리를잘알수있어서좋았음  ,1
"맞아요, 여기 나오는 음악들 다 주옥같아서 귀가 정화되는 느낌!!  ",1
이런건 사랑이 아니고 음악 들으러 봐야함  ,1
내가 생각했던 그들은 거기 없었다. 음악과 로맨스의 시너지 창출의 실패  ,1
인물들은 충분히 매력적인데 영화속에선 빛이 바랜다.  ,1
좋은영화  ,1
무겁고  비극이고  음악 좋아하면 좋고  ,1
"우리에게 조금은 낯선 헝가리, 60년대 공산주의 동구권이란 배경 그리고 록큰롤... 헐리우드와는 다른 감성이라 그런지 일상대화와 음악을 다루는 리듬에서 조금은 이질감이 느껴짐과 동시에 신선함도 느꼈졌음  ",1
우리학교는 아이 엠 뮤직으로 등록되있었넹ㅋㅋ 함 바야긋노  ,0
헝가리 박스 오피스에서 1위햇다길래 봣는데 1위할만하네요.. 개재밋음  ,1
캐나다의 자연과 OST 그리고 내용 다 좋았음!!  ,1
훈계하지 않고 공감을 이끌어 낸다  ,1
죽기전 하고 싶은 일들에 대해서 생각하게 되었다. 영화속에 보이는 캐나다의 절경에 입이 다물어지지 않는다. 좋은 영화다.  ,1
이제까지 보았던 힐링 로드무비 중에서 가장 좋았던 영화...담담함 속에서 보여주는 교훈...  ,1
정신적으로 지칠때마다 보게된다.. 편안해지는 걸 느낀다 최고의 영화라고 생각되진 않지만 파일에 다섯손가락에 꼽힐 정도의 영화파일만 유지하면서 삭제하지못하고 남겨놓게 되는 영화  ,1
감동적이다...ㅠㅠ  ,1
좋다 너무 좋은 내용  ,1
캐나다에서 만든 영화 처음 보는데 아름다움  ,1
타인의 시선에 살아가는 내가 아닌 자기 주체로서의 나를 찾아가는 과정이 인상깊었다. 인생은 나의 것이며 항상 스스로 삶의 가치를 찾아 흔들리지 않고 살아가는 것.. 초심을 다시 한번 생각해보는 계기였다.  ,1
"너무 감동이었습니다.나는 지금 무었을하려고 사나,아님누굴위해서사나...분명 누구나 다~자기나름데로멋지게 살고있다고들하지만,죽음이 눈앞에 다가왔을때 누구나  다~하는소리는 ""그래 이제껏 못해본것 해...""라고말을 한다.누구나 다~  ",1
"연기파 연기자들의 열연도 좋았고, 인도 맛살라의 인디풍 락도 너무 듣기 좋았다. 누구나 공감할만한 그리고 어디서든 나오는 갈등요소를 잘 섞어감동스럽게 전개되는게 너무 좋았다.  ",1
"헐 ebs에서 하길래 무심코 봤는데 빠져들어서 다 본,,정말 감동적인 영화네요. ost도 최고인듯  ",1
강추  ,1
좋은영화다다른수식어는필요없다...재미는없다...그러나감동과기대감동료애친구와의옛우정...등느낄께많은영화...다...간만에뇌가상쾌해지고미소가지어지는영화다...  ,1
강추영화에요~ 나이가 드니 어떤게 더 좋을지(옳은건지 말구) 더더 모르겠네요~ 어쩌면 나도 저럴지 모르겠네요 ㅋㅋㅋ 특히 인도음악을 접목시킨건 정말 우리나라에서도 배워야 할 점이 아닌가싶네요~  ,1
진짜 인도영화중 이런 대작이 있는지 몰랐내  ,1
정말 재미있게 봤네요 강추  ,1
정말 멋진 인도 음악영화 강력추천  ,1
반가운 발랑우드.  ,0
good~  ,1
개봉은 한건가요? ㅠ머지  ,1
하복부에서 감정의 전율을 척출 당한 듯  ,1
《thank you，master kim》是?棒 ！！  ,1
?漂亮~~~!~~!!!  ,1
잘 봤습니다. 다음 작품 기대하겠습니다.  ,1
우리가 잊고 지냈던 우리의 소리에 대해서 생각하게 하는 영화!  ,1
음악은 음악 그 이상이다!  ,1
"땡큐, 사이먼 와이즈 바커&김동원&김석출 어르신, 내게는 단연 올해의 영화임  ",1
말로는 설명할 수 없는 놀랍고 감동적인 영화  ,1
정말 좋은 영화예요. 우리 소리를 다시 찾아가는 기분이고요...아는 이에게 강추 중!!  ,1
가장 한국적인 것이 가장  세계적인 것이라는 말을 실감하게 해준 영화! 강추합니다~  ,1
내 심장이 두근거린다 ? 우리아이들은 음악도 공부도 로봇 처럼하고있다  아이들의 심장이 두근거리는 대한민국을 꿈꾼다  ,1
희망이 있는 곳은 언제나 밝다.  ,1
가장 낮은 곳에서 기적을 연주하다.  ,1
총과 주먹 대신 악기와 사랑을. 우리나라에서는 SBS송포유라는 끔찍한 방식으로 재현되었던.  ,1
와.....................멋지다 우리나라에도 이런혁신적인 사람이나타나길  ,1
정말 한 순간도 지루하네요^^ 보는 내내 눈을 뜰 수가 없었습니다. 그래서 저는 10점같은 1점 드리겠습니다.  ,0
영화를 눈요깃거리 및 재미를 위한 거로만 보는 사람들은 매우 지루해 할만한 영화  ,1
인생을 열심히 살아야겠다는 교훈을 주는 영화  ,1
다큐를 좋아하기 때문에 즐겁고 유쾌하게 보았다. 몇번이고 전율이 일어나는 영화이다  ,1
가슴을 울리는 음악과 감동. 연주장면의 감동은 최고입니다.  ,1
좋아하는 일만한다고 그렇게 어떻게살거냐고 쓴소리많이듣는1人. 모두 화이팅  ,1
멤버들이 즐거워하는 마음이 전해질 정도로 재미있어하니 나도 즐거워지지만 딱 거기까지다.  ,0
수정씨.. 결국 그 밴드에서 탈퇴하셨군여.-.-;;;  ,1
"눈물이 났다,  ",1
그냥 딱 좋아서 만든 영화 같다. 좋다고 다 성공하진 않지.. 열정과 용기에 박수를  ,0
좋아서 만든게 잘 만들어지란 법은 없다  ,0
밴드나 촬영팀이나 전혀 손병호를 못알아본 것 같다는 느낌을 지울 수가 없다 ㅠ_ㅠ  ,1
그저그랬다 밴드의 열정은 느껴졌으나 좀 지루한 구성...아쉽다  ,1
좋아서만든영화는 별루지만.. 좋아서 만든 밴드는♥  ,1
전문가평점은 무시하세요.  ,1
어쩌다 찾아서 봤는데 잼씀  ,1
궁금해요!  ,1
완전 대바깅에요.^^.  ,1
빵구난 양말 같은 삶. 자신의 위치를 깨닫게 하는 영화  ,1
빵구난 양말~ 노래 중독성있네  ,1
노래좋아요 빵꾸난양말~  ,1
난 그냥 들어봤는데 초딩4라서 뭔말인지 모르겟뜸  ,0
포스트 모더니즘이 느껴지는 영화. 왜 라고 묻지말기.  ,1
왠지모르게공감이되네요...별10개주고가요^_^  ,1
빵꾸난 양말~~~~~~음악공부를 하고 있는데 힘이되네요  ,1
ㅎㅎ연출도 멋지고 음악도 멋집니다 재밋게 잘 보았습니다 ㅎㅎ  ,1
평점 낮게 준 사람들은 작품성에 있어 뭐가 불만인지 난 잘 모르겠다.  ,1
ㅋㅋ 먼가 노래가 귓가에 남는다는 뮤지컬 같은 애니!  ,1
생명존중과 관련된 동영상이 없을까 검색을 하다 우연히 보게되었는데 내용도 음악도 섬세한 동작 하나하나가 너무 좋았습니다. 그래서 아이들 생명존중 동영상 자료로 쓰고 싶었는데 동영상이 삭제 되었네요.  기회가 되면 아이들에게 보여주고 싶습니다.  ,1
"6분,무언가를하려고하기에는짧지만무명의발레리나를보고남은감동의시간은오래가네요  ",1
따듯한 느낌 잘 받아 갑니다.. 감사합니다 ^^  ,1
"아, 괜찮네요.  ",1
감동  ,1
눈물이 ㅠ.ㅠ ....  ,1
ㅜㅜ감동  ,1
감동이었습니다..  ,1
감동적인 작품이었어요^^  ,1
짧지만 감동이 오네요.  ,1
꿈꾸는미래에서느낄즐거움을상상하게해주네요.멋있어요..색과캐릭터모두좋습니다ㅠㅠ  ,1
너무.. 잼있다...  ,1
그림체도 내용도 모두 너무 예쁘네요~^^*  ,1
귀여워~~~요. 이뻐~~~요.ㅋ  ,1
감동은 있었지만 오디오가 아쉬웠고 지겨운 감이 있었음  ,1
정말 아기자기해요~~  ,1
너무이쁘네요 //ㅅ//  ,1
굳-  ,1
노래도 사랑스럽고 케릭터도 귀엽고 정말 좋네요 특히 소녀가 부르는 모습도 이쁘구요  ,1
good!  ,1
잔잔한 파도가 계속 밀려오니 버틸 수가 없이 슬퍼요.  ,1
말하지 않아도 슬프다  ,1
짱  ,1
짱이에요!!! 잘생겼어요!!!감독님이..ㅋㅋㅋㅋ  ,1
기타선율에서 오는 감정전달. 효과적인 욕한마디.  ,1
주인공의 대사는 딱 하나더군요 욕 한마디. 인상 깊었습니다.  ,1
"빨간 글씨의 오프닝 타이틀, 그리고 기타치는 벙어리 성훈.  ",1
영상 안에서 음악이 퍼져나가 보는이를 빠져들게한다.  ,1
"내용은 한번에 이해가 가지않지만 미술디자인,음악이 좋네요사물놀이와 재즈가 생각보다 잘어울려요 ㅎㅎ  ",1
슬프네여..  ,1
이게 왠지 재미있을 것 같은데  ,0
아직 잘몰라요;;;하지만;;;;;언제가 개봉해서 볼 수있겟죠;;;  ,1
데이빗!!!! 이 영화에 너무 과분한 존재.  ,1
실화하는것이 너무 놀랍다..  ,1
무엇보다 벤의 스레이케오를 향한 희생적 사랑이 맘아프면서도 따뜻하게 느껴졌다.  ,1
시사회 보고옴 보는내내 거북함 여자가소리지르는 노래 나오는때 완전짜증 무슨 공포영화보는줄  ,0
아름다운 호구짓  ,1
물론 처음 사랑에빠지는 전개가 너무빠르긴했지만 런타임을고려해서 지루해지지않으려면 어쩔수 없을수도있다고생각했다 런타임 내내 중요한 중요한전개들이었고 흥미로웠다   무엇보다 맬로에선 여배우의 여신미모가 큰몫을차지한다는것을 느꼈다  ,1
누군가생각치못한사랑을느낄수있는영화... 처음본독일영화에매력을느낌  ,1
소재는좋은데로맨스에공감이안되는게억지스런전개의영화  ,1
"아름다운 로맨스라기엔 어딘가 불편하지만 그와 별개로 영화는 참 재미있다, 캄보디아와 태국의 모습을 보여줄 땐 다큐의 느낌도 좀 나고 여주인공이 태국의 국민여동생 이라던데 정말 매력있다  ",1
사랑과 열정에 국경이 '있음'을 문화적 차이로 리얼하게 보여준 사랑가득한 영화.  ,1
왜 로카르노 수상작인지... ㅡㅡ;;;  ,1
"줄거리를 피프에서 배껴온듯한데 본 영화정보완 다르네요, 아무튼 재밌게봤습니다  ",1
망한다에 200만표 건다  ,0
찍기귀찮으셨나? 무슨다 롱테이크야.. 대사는많고  ,0
