Word,Count
아리아,3340
오늘,1559
아리야,972
나,689
네,651
좀,621
누구,606
노래,534
시,519
기능,437
때,428
수,423
뭐,423
음악,422
시간,385
분,382
지금,374
날씨,372
것,361
일,352
요,334
내일,318
내,294
등,261
집,237
제,229
저,221
사람,220
검색,209
주식회사,208
거,207
이두희,205
현재,205
알람,205
너무,203
가상,202
날,188
추천,185
더,184
영화,182
아침,181
연동,179
월,178
이,174
정보,174
뉴스,173
일정,172
기분,164
설정,163
전화,157
말,151
이름,150
예,149
주인,147
하루,147
요즘,146
그,145
후,144
재생,141
팅커벨,140
사용자,138
가장,134
친구,131
아리,131
소리,130
음성,128
비,127
답변,127
이번,125
번,125
드릴,123
우리,120
대화,119
다음,119
어디,116
레베카,115
생일,114
해,114
당신,113
질문,112
마음,111
너,111
목소리,111
곡,110
언제,110
무슨,106
경우,106
아이디어,104
영어,104
버스,104
아이,103
위,102
곳,100
문자,99
저녁,98
답,98
오후,96
옷,95
음식,95
정말,92
스마트폰,92
중,91
레시피,89
라디오,89
엄마,89
다시,88
전,88
볼륨,88
원,87
의,85
를,85
가을,83
멜론,83
책,83
어제,83
상황,82
내용,81
및,81
얼마,81
앱,81
근처,80
얼마나,80
지진,79
위치,79
도,78
회사,78
크리스탈,78
연결,78
하나,78
와,77
생각,77
모드,76
예약,75
주,75
조금,75
무엇,73
방법,73
꼭,72
메뉴,72
뭘,71
치킨,70
개발,69
안,69
단어,69
맛집,69
녹음,69
바로,68
정도,68
운세,68
핸드폰,68
먼저,68
서울,67
메모,67
택시,67
등등,66
우산,65
한번,65
도움,64
플레이,64
개,64
리스트,63
병원,63
결과,63
실시간,63
잠,63
알,62
이제,62
일이,62
대한,62
무드등,62
봐,61
선물,61
로,61
음,60
배달,60
오전,60
건,60
서비스,59
다른,59
제일,59
어플,58
약,58
대답,58
위해,58
저장,58
뒤,57
경기,57
주요,57
달,57
가족,56
점심,56
통해,56
세상,55
이야기,55
자동,55
글,54
사랑,54
운동,54
안내,54
준,54
예정,54
넌,54
대해,53
줄,53
알림,53
순위,53
도착,53
적용,52
공부,52
어,52
몇,52
패션,51
화이팅,51
지역,51
통화,51
번호,50
데이터,49
아기,49
부분,49
혼자,49
인기,49
명령,49
주변,49
때문,48
사용,48
칼로리,48
못,47
가지,47
걸,47
축제,46
년,46
블루투스,45
요리,45
가요,45
미리,45
추가,45
밥,45
채널,45
상태,45
왜,44
스피커,44
매일,44
라면,44
등록,44
교통,44
힘,44
스마트,44
문,44
휴대폰,43
물,43
인식,43
여행,43
응,43
메세지,43
폰,43
미세먼지,43
인터넷,42
게,42
재료,42
에서,42
니,41
여자친구,41
자신,41
게임,41
방송,40
최신,40
앞,40
전송,40
확인,40
남자,40
함,40
건강,39
주말,39
은,39
별,39
최근,39
전화번호,39
보고,39
듣기,38
관련,38
계속,38
만원,38
식,38
메일,38
산책,37
기기,37
아직,37
누가,37
약속,37
모든,37
단계,37
총,37
축하,36
드라마,36
시작,36
뜻,36
온,36
준비,36
여자,36
점,35
선택,35
밤,35
피자,35
분뒤,35
지원,35
주문,35
실행,35
자기,34
줌,34
부모님,34
법,34
하니,34
항상,34
거리,34
혹시,34
일상,34
님,33
상영,33
눈,33
스케줄,33
셨,33
대신,33
세,33
또,33
여러,33
옆,33
목록,33
디바이스,33
다이어트,33
명언,32
자주,32
문제,32
끝말잇기,32
사전,32
카드,32
데이트,32
까지,32
프로그램,32
살,31
랜덤,31
땐,31
응원,31
대중교통,31
번가,31
구매,31
기사,31
네이버,30
가사,30
만약,30
우선,30
역,30
요금,30
잠시,30
부터,30
예상,30
온도,29
학교,29
여기,29
볼,29
해당,29
제목,29
짜장면,29
모두,29
수면,29
이벤트,29
조명,29
부산,28
늘,28
하자,28
난,28
예시,28
고민,28
이후,28
주식,28
차,28
로또,28
불,28
문의,28
키,27
몸,27
분위기,27
별로,27
옛날,27
데,27
동안,27
지능,27
걱정,27
아리아나,27
출근,27
업데이트,27
꿈,27
술,27
기온,27
장르,27
오빠,27
재난,27
호출,27
연,27
메시지,27
최고,26
바람,26
그냥,26
배,26
자장가,26
도로,26
기억,26
푹,26
인공,26
멘트,26
홍길동,26
변경,26
결혼,25
오,25
과,25
이상,25
누군가,25
면,25
제공,25
확률,25
짬뽕,25
안전,25
예매,25
제품,25
한국,25
행사,25
집안,25
긴급,25
반복,24
순간,24
클래식,24
종료,24
고객,24
애,24
능력,24
분만,24
반응,24
처음,24
울적,24
머,24
스케쥴,24
감정,24
또한,24
어서,24
물론,24
시험,24
브리핑,24
주가,24
위로,24
약국,24
진화,24
가기,23
어머니,23
소식,23
돈,23
관심,23
자,23
학습,23
수도,23
만,23
교통상황,23
가야,23
정체,23
고속도로,23
순서,23
냉장고,23
완료,23
문장,23
조절,23
분후,23
분석,23
구글,23
한마디,23
직접,23
전원,23
그날,22
사이트,22
지정,22
삐,22
기념일,22
감성,22
잔잔,22
의미,22
길,22
동화책,22
동화,22
정류장,22
기반,22
핫,22
듯,22
기준,22
우리나라,22
시스템,22
사과,21
중국어,21
반,21
텔레콤,21
더욱,21
용,21
음성인식,21
동,21
사고,21
머리,21
스타일,21
평소,21
김치찌개,21
현대,21
택배,21
율,21
색,21
시간표,21
첫,21
인생,20
갑자기,20
아주,20
처럼,20
지하철,20
월요일,20
주무,20
가능,20
연락,20
체크,20
외로워,20
통한,20
기본,20
계절,20
타고,20
명령어,20
경로,20
작동,20
헤드라인,19
가세,19
계산,19
활동,19
설명,19
일찍,19
서울역,19
물건,19
김치,19
회화,19
아들,19
감기,19
음량,19
코스,19
손,19
개선,19
가면,19
가수,19
딸,19
명품,19
미래,18
대전,18
활용,18
개인,18
태풍,18
방식,18
말씀,18
마리,18
어요,18
가격,18
의견,18
시청,18
삶,18
필요,18
발생,18
코디,18
특정,18
댄스,18
리듬,18
배송,18
스,18
대표,18
사,18
티맵,18
가디건,18
화창,18
가스,18
외출,18
럭셔리,18
특징,18
코리안,18
환율,18
실제,17
전달,17
세계,17
행동,17
일주일,17
끝,17
초,17
오늘날,17
밖,17
본인,17
곁,17
생활,17
한잔,17
동시,17
입력,17
장,17
기,17
식사,17
명,17
타이머,17
공연,17
삼성,17
최저,16
진짜,16
리리,16
선선,16
역할,16
속,16
스트레스,16
금요일,16
수요일,16
무,16
효과,16
크게,16
컴퓨터,16
미국,16
응답,16
열차,16
주신,16
팀,16
유용,16
지난,16
식당,16
한식,16
장소,16
삭제,16
여친,16
맵,16
이슈,16
언어,16
매우,16
뮤직,16
폴더,16
분전,16
기록,16
중국집,16
공기,16
뭔가,15
주위,15
어디가,15
중이,15
전환,15
바,15
소개팅,15
나중,15
음력,15
켜,15
이용,15
다음주,15
전기,15
결제,15
자동차,15
공유,15
방,15
비올,15
할인,15
빅데이터,15
차량,15
참여,15
존재,15
티비,15
출발,15
정거장,15
영상,15
기존,15
리모컨,15
노래방,15
가정,15
생신,14
텍스트,14
아버지,14
기상청,14
인간,14
불고기,14
주소,14
영화관,14
계란,14
역시,14
잔,14
회,14
대박,14
시각,14
프로야구,14
모임,14
울,14
너무나,14
모닝콜,14
발라드,14
호선,14
동작,14
지각,14
구간,14
거기,14
쉬,14
마트,14
몇번,14
식단,14
가슴,14
충전,14
이유,14
번역,14
발송,14
캘린더,14
일요일,14
제휴,14
마스크,14
조회,14
우유,14
카카오,14
마,14
포인트,14
와이프,14
미팅,14
실내,14
쇼핑,14
느낌,13
맛,13
전체,13
진정,13
팝송,13
널,13
고,13
야구,13
마지막,13
양파,13
보통,13
여유,13
재미,13
기도,13
시세,13
사진,13
재,13
찌게,13
업,13
나라,13
둘,13
앨범,13
순,13
새벽,13
서로,13
평점,13
요일,13
호,13
관리,13
이전,13
교차,13
센서,13
처,13
아가,13
취침,13
보시,13
비서,13
극장,13
지수,13
경주,13
수능,13
연락처,13
청구,13
값,12
야외,12
행복,12
지도,12
가시,12
카톡,12
육아,12
드라이브,12
롯데,12
화면,12
홈,12
버튼,12
경부,12
일단,12
경제,12
따라서,12
업무,12
수고,12
아빠,12
무한도전,12
중간,12
상품,12
천원,12
색상,12
중국,12
시야,12
소설,12
콜,12
톤,12
토요일,12
반대,12
거울,12
추후,12
거실,12
경보,12
일상생활,12
자료,12
사투리,12
화가,12
밝기,12
감지,12
패턴,12
출장,12
일본,12
실용,12
반영,12
영,12
방향,12
휴대전화,12
그룹,11
음식점,11
꽃,11
오니,11
자세,11
마치,11
종류,11
찾기,11
곧,11
좀더,11
스포츠,11
요새,11
마늘,11
각종,11
진심,11
연인,11
생기,11
자연,11
금,11
정답,11
외로움,11
단,11
세차,11
고기,11
하늘,11
씨,11
외,11
자리,11
보일러,11
요청,11
차트,11
일어,11
큐,11
축구,11
입,11
개봉,11
요리법,11
일본어,11
이노,11
정해진,11
상승,11
자꾸,11
그녀,11
취향,11
자체,11
안녕,11
열,11
변화,11
쪽,11
도둑,11
센스,11
남편,11
제안,11
대기,11
감사,11
소요,11
편,11
옵션,11
유머,11
말로,11
자기야,11
고양이,11
스스로,11
코스피,11
출근길,11
명상,11
컨디션,11
하나요,11
기간,11
안방,11
쿠폰,10
구름,10
크기,10
두,10
처리,10
가끔,10
얼른,10
김,10
뭔,10
로서,10
그린,10
농담,10
일반,10
살이,10
광고,10
목,10
애인,10
보기,10
상대,10
그때,10
년생,10
통,10
사건,10
간,10
겨울,10
상대방,10
습관,10
보,10
상세,10
종목,10
제시,10
두부,10
강남역,10
대피,10
는걸,10
아래,10
상담,10
소개,10
구,10
이지,10
아라,10
금액,10
상식,10
경기도,10
얘기,10
커피,10
수가,10
몇개,10
진행,10
남,10
퀴즈,10
애완견,10
일기,10
짜증,10
측정,10
당일,10
면접,10
고백,10
기상,10
약간,10
수업,10
목적지,10
창문,10
구급차,10
다운,10
대한민국,10
응급,10
즉,10
당첨,10
리,10
시기,10
결재,10
모습,10
산,10
표현,10
날짜,10
며칠,10
표,10
카페,10
제어,10
시리,10
임창정,10
한국어,10
트랜드,10
페스티발,10
외부,10
달러,10
타,10
힐링,10
단위,10
여성,10
선곡,10
기타,10
농도,10
아마,9
방금,9
관,9
강도,9
박효신,9
멀리,9
절대,9
요가,9
달빛,9
클럽,9
점차,9
돼지,9
불금,9
그것,9
통신,9
정의,9
부재,9
숙면,9
벌써,9
나이,9
남자친구,9
계획,9
신발,9
노력,9
혼술,9
두산,9
결정,9
대통령,9
인,9
세번,9
신체,9
웃음,9
화재,9
해주시,9
대로,9
발음,9
펠링,9
양,9
화,9
부동산,9
주기,9
연습,9
재즈,9
중식,9
양식,9
유튜브,9
적,9
국가,9
작년,9
리아,9
기운,9
숙제,9
대비,9
일어나서,9
세부,9
수정,9
워드,9
낮,9
포함,9
파란색,9
차단,9
준비물,9
착용,9
신경,9
규모,9
사이,9
아내,9
좌석,9
목표,9
불좀,9
길이,9
낼,9
정상,9
사회,9
맘,9
잠실,9
구구단,9
해도,9
창작,9
중시,9
파리,9
밀라노,9
뉴옥,9
선도,9
단아,9
레,9
운전,9
결혼기념일,9
아수라,9
로그인,9
여,9
역사,9
행운,9
인분,9
팟캐스트,9
넌센스,9
페이,9
체,8
속보,8
신,8
전국,8
원래,8
도우미,8
피해,8
현상,8
그릇,8
이나,8
락,8
낚시,8
보아,8
외국어,8
편지,8
콘텐츠,8
강수,8
비도,8
와이파이,8
화요일,8
플랫폼,8
파스타,8
주유소,8
매장,8
보지,8
춤,8
파전,8
두번째,8
조언,8
성공,8
바탕,8
전철,8
해외,8
귀,8
안정,8
막막,8
안해,8
자고,8
왕,8
비용,8
주로,8
힙합,8
강,8
애기,8
금방,8
만들기,8
과거,8
상상,8
휴식,8
인물,8
점점,8
성격,8
정신,8
틀,8
레스토랑,8
나가시,8
종일,8
철,8
된장,8
신고,8
해제,8
최대,8
순서대로,8
시장,8
지출,8
컬투쇼,8
추,8
문화,8
살다보면,8
할머니,8
수학,8
볶음,8
과제,8
야식,8
회의,8
교육,8
모레,8
스마트홈,8
방범,8
깜빡,8
배터리,8
워,8
지방,8
지식,8
카메라,8
우편번호,8
학원,8
여행지,8
올해,8
연예인,8
포털사이트,8
반주,8
능이,8
국민,8
영업,8
현,8
에어컨,8
이마트,8
자녀,8
에코,8
접속,8
빔,8
시동,8
야간,8
편성표,8
요령,8
업체,8
동요,8
백설공주,8
결혼식,8
공감,8
거짓말,8
걸음,8
족발,8
어쿠스틱,8
봄,8
도입,7
블로그,7
센터,7
어플리케이션,7
제철,7
인지,7
마련,7
당근,7
진료,7
연령,7
형식,7
자전거,7
오늘이,7
저번,7
대가,7
끼,7
매콤,7
백과사전,7
소통,7
기저귀,7
비소,7
목요일,7
추억,7
코,7
타임,7
오픈,7
신문,7
청소기,7
차로,7
발,7
분도,7
금지,7
간다,7
회식,7
냄새,7
사항,7
탑재,7
첫째,7
넵,7
일식,7
투자,7
해지,7
굿모닝,7
남아,7
간격,7
네비게이션,7
초기,7
발전,7
콘서트,7
평균,7
된장찌개,7
감자,7
맑은,7
전해,7
비상,7
여름,7
밀정,7
필수,7
문득,7
현실,7
만날,7
이건,7
배치,7
파워,7
수원,7
지난번,7
시반,7
기술,7
공원,7
류,7
직장,7
상사,7
컨텐츠,7
절,7
클라우드,7
기전,7
벨,7
신곡,7
저렴,7
음소거,7
당장,7
질의,7
빨래,7
자제,7
편이,7
종종,7
음원,7
막차,7
구이,7
습도,7
잘못,7
교시,7
나들이,7
화해,7
구체,7
계좌,7
자신감,7
저런,7
권장,7
팔,7
뿐,7
더하기,7
피,7
남성,7
명칭,7
순차,7
놀이,7
월드,7
사자성어,7
년도,7
점수,7
파일,7
포털,7
퍼센트,7
대처,7
골프장,7
소모,7
구분,7
국물,7
영국,7
동네,7
삼겹살,7
갈비찜,7
얼,7
치즈,7
고정,7
배우,7
아,7
불어,7
명동,7
웨이,7
리뷰,7
애플,7
조정,7
뮤지컬,7
무료,7
연주,7
향기,7
경북,7
플러그,7
전자,7
띠,7
둘째,7
여러분,7
바이오리듬,7
별자리,7
채식,7
불꽃,6
과일,6
대구,6
사칙연산,6
오디오북,6
막,6
마이,6
선생님,6
떄,6
퍼스,6
기회,6
생,6
땡땡,6
후회,6
비행기,6
선,6
재치,6
파,6
간장,6
풀,6
동생,6
삼,6
평가,6
시인,6
개월,6
기계,6
잼,6
스쿼트,6
한글,6
하루하루,6
먹기,6
성우,6
얼굴,6
과정,6
곱하기,6
리모콘,6
경험,6
곰,6
거절,6
영향,6
유저,6
연휴,6
구입,6
초보,6
제대로,6
만남,6
독서,6
이면,6
여러가지,6
페스티벌,6
동물,6
양치,6
습,6
소나기,6
라이딩,6
넷,6
격려,6
최선,6
인천,6
문구,6
흥,6
인근,6
활,6
의무,6
안부,6
형태,6
기대,6
상처,6
진동,6
보안,6
외투,6
월일,6
평생,6
바다,6
전주,6
반팔,6
노트,6
주인공,6
홍대,6
시간대,6
요기,6
부여,6
판매,6
국,6
과자,6
피드백,6
스케,6
바지,6
세일,6
색깔,6
국어,6
왈,6
공휴일,6
일일이,6
마감,6
곤,6
개그,6
짝,6
김치볶음밥,6
이어폰,6
누적,6
학생,6
디,6
트와이스,6
치,6
반려동물,6
해결,6
미역,6
증시,6
환승,6
카,6
지니,6
분간,6
카운트,6
아이폰,6
행,6
워치,6
이동,6
히트,6
흰색,6
국제,6
장애,6
대상,6
무선,6
공해,6
톡,6
하라,6
감시,6
버스정류장,6
웹툰,6
감상,6
평,6
물품,6
시계,6
카테고리,6
현제,6
침입,6
정보검색,6
퇴근,6
교과서,6
금전,6
흠,6
연속,6
건가,6
편의,6
로봇,6
네네,6
제한,6
칼국수,6
전부,6
구현,6
박보검,6
신라면,6
입지,6
최신영,6
잠깐,6
박수,6
환기,6
속초,6
국밥,6
중계,6
숨,6
이북,6
대파,6
가동,6
부모,6
사연,6
작품,6
중요,6
판다,6
수유,6
인사말,6
네이트,6
용기,6
핑크,6
운동량,6
전일,6
최단,6
잔액,6
물어,6
적극,6
맘마,6
오브,5
햇빛,5
샤워,5
장해,5
메가박스,5
일로,5
대하,5
성시경,5
믿음,5
토끼,5
어린이,5
토닥토닥,5
인연,5
국민체조,5
어딘가,5
트레이너,5
전문가,5
유치원,5
초등학교,5
어른,5
다른사람,5
션,5
면서,5
우울,5
참기름,5
설탕,5
갈껀데,5
형제,5
서적,5
저녁식사,5
영어사전,5
수단,5
일때,5
이기,5
분과,5
막걸리,5
스트레칭,5
강남,5
젠,5
호칭,5
부,5
꼴,5
외식,5
취미,5
유행,5
대세,5
요소,5
시가,5
사시,5
박사,5
실패,5
휴일,5
귀요미,5
동료,5
부탁,5
화장실,5
리야,5
가전제품,5
보이,5
짱,5
상호,5
년대,5
강원도,5
기아,5
가위,5
짐,5
만능,5
구연,5
울음,5
백색소음,5
선정,5
저쩌구,5
이내,5
도보,5
홍수,5
옥상달빛,5
꿀,5
레이,5
경찰,5
울음소리,5
나트륨,5
닭,5
체중,5
김비,5
긍정,5
브라질,5
가능성,5
셋,5
스프,5
보조,5
식구,5
완전,5
종합,5
보이스,5
개수,5
사실,5
용도,5
현빈,5
도시,5
유명,5
부근,5
주년,5
오랜만,5
티,5
미터,5
형,5
혈압,5
강의,5
액션,5
모,5
민족,5
베스트,5
집의,5
별점,5
응용,5
각각,5
갈수,5
논,5
타이틀,5
상,5
두운,5
이세,5
단풍,5
상의,5
할아버지,5
누진세,5
매번,5
고생,5
신한,5
한층,5
심폐소생술,5
감,5
디저트,5
간식,5
하,5
유도,5
파이팅,5
방해,5
평일,5
원피스,5
접목,5
팝,5
돼지고기,5
컨트롤,5
시지,5
아이돌,5
통계,5
최초,5
예전,5
싱글,5
말동무,5
스트리밍,5
백화점,5
무조건,5
출근시간,5
구축,5
증상,5
정리,5
갤럭시,5
아이유,5
표시,5
팁,5
화장,5
주부,5
모기,5
선수,5
분명,5
가위바위보,5
도로명주소,5
란,5
해소,5
초등학생,5
풀이,5
참석,5
옷차림,5
루트,5
스파게티,5
정치,5
불가능,5
청취,5
원활,5
양념,5
독도,5
땅,5
하하,5
목적,5
범위,5
아이디,5
루나,5
웃,5
업로드,5
동기화,5
도서,5
맥주,5
화상,5
학년,5
토익,5
적외선,5
무음,5
외국,5
국내,5
잡,5
청소,5
주방,5
유통,5
기한,5
구절,5
랍니,5
랩,5
끈,5
축적,5
창,5
해먹,5
비교,5
싸이키,5
방안,5
음색,5
소고기,5
실검,5
전혀,5
그다음,5
한가지,5
팅거벨,5
마디,5
숫자,5
취소,5
콩나물,5
브랜드,5
시로,5
당첨번호,5
정비,5
여의도,5
에이,5
가까이,5
무작위,5
나은,5
파운드,5
변환,5
탑,5
비타민,5
활성화,5
주연,5
트,5
사의,5
관계,5
오징어,5
도중,5
경찰서,5
페어,5
저희,5
스위치,5
싸이렌,5
응급처치,5
스코어,5
이외,5
겉옷,5
운동화,5
당시,5
수준,5
나누기,5
은색,5
통역,5
코디좀,5
이웃,5
이사,5
아리아리,5
주시,5
이성,5
전력,5
각,5
신호,5
작,5
타블로,5
업그레이드,5
해장,5
소액,5
자명종,5
후라이드,5
과목,5
광화문,5
바이러스,5
스리,5
부침개,4
침대,4
쿨,4
오거,4
반드시,4
유아,4
문제점,4
아라리,4
낮잠,4
셔츠,4
일기예보,4
나가야,4
빗,4
그대로,4
노인,4
지구,4
가치,4
맞춤,4
몽환,4
오소리,4
그램,4
김소월,4
진달래꽃,4
되셨나,4
자장면,4
김치전,4
한숨,4
만일,4
마시기,4
거지,4
서도,4
막상,4
혼밥,4
안나,4
이루,4
여유롭,4
그게,4
비온,4
예보,4
음치,4
다만,4
로부터,4
올림픽대로,4
공지,4
걸그룹,4
타이거즈,4
추석,4
반경,4
눈물,4
여행가,4
차례,4
우체국,4
예민,4
말투,4
쇼팽,4
애호박,4
기름,4
복면,4
전이,4
다가,4
골,4
분동,4
공사,4
보완,4
정,4
추적,4
신지,4
그동안,4
률,4
홍차,4
골프,4
웃음소리,4
밑,4
폭염,4
자연재해,4
세트,4
구호,4
관해,4
봉지,4
연구,4
시절,4
샐러드,4
마무리,4
그대,4
달라,4
양치질,4
이상형,4
방지,4
납부,4
최소,4
시사,4
사자,4
옥수수,4
출시,4
월드컵,4
글귀,4
꿀잠,4
수신,4
장난,4
연애,4
수면시간,4
성,4
국보,4
자도,4
인정,4
자비스,4
귀인,4
생년,4
평이,4
멸치,4
내세,4
채소,4
금주,4
데이터베이스,4
북한,4
댓글,4
내장,4
해외여행,4
말좀,4
취업,4
일쑤,4
주의,4
쑥,4
노팅힐,4
특,4
금일,4
중심,4
시점,4
빌보드,4
딥,4
동영상,4
비밀,4
대학생,4
움,4
노란색,4
일인,4
친,4
핑계,4
서류,4
거의,4
쇼핑몰,4
효능,4
조리법,4
일곱시,4
가가,4
버전,4
솔로,4
위급,4
족,4
퀄,4
오버,4
연출,4
전기차,4
현황,4
코미디,4
석,4
떡,4
현대인,4
미역국,4
민간요법,4
이메일,4
촤,4
시황,4
증가,4
하차,4
햇살,4
어쩌면,4
근사,4
다운로드,4
지속,4
분야,4
잠바,4
하이라이트,4
끌,4
화이트,4
긴장,4
월급,4
베트남,4
철수,4
채팅,4
판,4
회차,4
가게,4
아이언맨,4
개입,4
무한,4
칠,4
듭니,4
캠핑,4
모닝,4
확장,4
성의,4
조리,4
수행,4
팟타이,4
박스,4
베터리,4
쓰레기,4
힘드,4
재밋,4
소갈비찜,4
수치,4
새,4
벨소리,4
배려,4
교통체증,4
전화기,4
수집,4
서버,4
출력,4
웹,4
푸시,4
네트워크,4
소주,4
별도,4
학기,4
성인,4
초등,4
한화,4
샤오미,4
조합,4
정지,4
활기,4
왼쪽,4
호주,4
전등,4
계란말이,4
통화량,4
한시,4
최대로,4
흥이,4
유행어,4
어머,4
별명,4
맘에듭,4
쇼미더머니,4
시도,4
테스트,4
대부분,4
사람과,4
병점,4
냉면,4
백선생,4
초인종,4
동해,4
페이스북,4
명절,4
개인화,4
임,4
셔플,4
아마존,4
이의,4
그네,4
표준,4
물이,4
김영란,4
크리스마스,4
히터,4
시경,4
맥도날드,4
졸음,4
애니메이션,4
인도,4
치면,4
올림픽,4
피로,4
아랑,4
분류,4
공기청정기,4
내부,4
움직임,4
오프,4
끼리,4
속담,4
이용자,4
향상,4
당직,4
위안,4
개개인,4
점검,4
정기,4
마다,4
파업,4
피아노,4
낭만,4
실외,4
유투브,4
호텔,4
시설,4
재개,4
맥박,4
프랑스,4
놀이터,4
프리,4
프로,4
미술관,4
답장,4
묘,4
컬러,4
노랑,4
질,4
설치,4
수령,4
터,4
수요,4
무좀,4
다리,4
제곱,4
경주시,4
남남서,4
소풍,4
국도,4
오시,4
키즈,4
외국인,4
담보,4
분유,4
오분,4
드림,4
오클랜드,4
인증,4
절전,4
이틀,4
애칭,4
중구,4
변조,4
메롱,4
지원이,4
오류,4
여남,4
반려견,4
구별,4
애가,4
그거,4
제주도,4
연극,4
양호,4
손톱,4
벨브,4
애국가,4
업적,4
백신,4
푸드,4
장보기,4
빅뱅,4
진과,4
검토,4
도어,4
스물,4
털,4
블랙,4
드조,4
콕,3
지인,3
달력,3
횟수,3
쥐,3
좌우,3
책임,3
징후,3
막연,3
깜박,3
축구선수,3
심,3
정우성,3
구경,3
땡,3
우동,3
즐거움,3
오라버니,3
근,3
가루,3
링크,3
가도,3
읊어줘,3
가오니,3
오래,3
영유,3
식이,3
포도,3
분홍,3
야채,3
햇,3
귀가,3
셧,3
놀,3
찍,3
개중,3
무언가,3
모델,3
글자,3
방송국,3
손가락,3
성장,3
노릇,3
하숑,3
정석,3
매뉴얼,3
오른쪽,3
대선,3
식탁,3
된거,3
신규,3
유주,3
혹,3
바위,3
비스트,3
해변,3
페이지,3
발견,3
료,3
역활,3
척,3
않으셨,3
부장,3
전쟁,3
박상현,3
기프티콘,3
글쎄요,3
우울함,3
구성원,3
근방,3
대학교,3
고추장,3
고춧가루,3
크리에이터,3
바이오,3
나무아미타불,3
마리아,3
장기,3
침체,3
운송,3
대응,3
저기,3
랜드,3
자켓,3
다섯,3
대학,3
이문세,3
윗몸일으키기,3
매너,3
한강,3
자살,3
운,3
복,3
반점,3
프로젝트,3
발표,3
모양,3
무궁무진,3
갱년기,3
애락,3
국회의원,3
가상현실,3
호감,3
일도,3
혼,3
흐름,3
다소,3
돈까스,3
여수,3
라인,3
시대,3
폭발,3
램프,3
편입,3
전래,3
간선,3
걷기,3
차바,3
책좀,3
동쪽,3
제이,3
걔,3
확,3
론,3
레포트,3
부족,3
된장국,3
한참,3
볼거리,3
셀러,3
자가용,3
데이,3
내년,3
음정,3
박자,3
지갑,3
이용권,3
우려,3
자취,3
취직,3
계세,3
외모,3
실망,3
세수,3
메신저,3
생수,3
항,3
영어학원,3
참고,3
줄거리,3
불빛,3
마찬가지,3
어학,3
계열,3
공공,3
황사,3
속도,3
풍속,3
쯤,3
세탁기,3
스카프,3
잡채,3
시금치,3
슈퍼,3
통제,3
확보,3
러닝,3
옛날이야기,3
용량,3
최,3
절약,3
용산,3
심장,3
베이비,3
폭,3
활짝,3
어차피,3
분식,3
열량,3
섭취,3
리터,3
피부,3
백종원,3
알바,3
해주,3
주가지수,3
노,3
람,3
제외,3
등급,3
과연,3
차근차근,3
종,3
음질,3
딘,3
윌,3
전화통화,3
장바구니,3
벌떡,3
칼,3
진입,3
우회,3
처방,3
한편,3
기초,3
존,3
찜,3
뿌리,3
인상,3
명소,3
채,3
잠자리,3
기적,3
존스,3
완쾌,3
규칙,3
생강,3
쓰기,3
익일,3
아시아,3
오른,3
코스닥,3
탐색,3
트렌드,3
건의,3
매수,3
송혜교,3
싸움,3
기세,3
이체,3
거래,3
입금,3
신용카드,3
세미나,3
한결,3
수다,3
예방,3
콜라,3
조건,3
숙,3
팬,3
출고,3
세금,3
탈,3
매출,3
바램,3
토트넘,3
누구세요,3
사무실,3
퇴치,3
정치면,3
중단,3
청바지,3
사업,3
두통,3
탑승,3
메모리,3
아파트,3
라이트,3
개천절,3
랄,3
집중,3
설렁탕,3
보드,3
작업,3
편성,3
공,3
위주,3
연예,3
싸이,3
성대모사,3
장군,3
야생화,3
만화,3
균일,3
스토어,3
휴가,3
진,3
쭉,3
시마,3
생명,3
태양,3
후예,3
송중기,3
치과,3
만요,3
간단,3
강수량,3
남녀,3
참조,3
밴드,3
기업,3
대략,3
동경,3
소음,3
일만,3
도록,3
세종대왕,3
가운데,3
홀로,3
모바일,3
기념,3
찬,3
개념,3
한동근,3
조림,3
엇으,3
수현,3
기입,3
간전,3
감동,3
습니,3
대리,3
있으셨나,3
현관,3
장농,3
경쟁,3
선녀,3
나무꾼,3
환경,3
옴,3
생략,3
축복,3
드디어,3
문항,3
요금소,3
원곡,3
절로,3
시네마,3
황정민,3
읍니,3
최대한,3
버퍼,3
춘천,3
전자책,3
캠,3
사물,3
환산,3
제곱미터,3
투입,3
쓸모,3
이해,3
별개,3
보물,3
고해,3
감고,3
상큼,3
부자,3
주소록,3
칭찬,3
소금,3
짜장,3
위키,3
복권,3
경쾌,3
언니,3
디데이,3
노홍철,3
블루,3
늦잠,3
로또번호,3
불로,3
시각장애인,3
마사지,3
큰일,3
왈왈,3
제육,3
어깨,3
보보경심,3
진행중,3
엑소,3
화장품,3
선호,3
아동,3
공간,3
일자,3
쌍,3
신호등,3
빈,3
춥다,3
현관문,3
전날,3
정자동,3
커서,3
높이,3
스페인어,3
아직까지,3
구청,3
유,3
관심사,3
동의,3
베스트셀러,3
소,3
야근,3
합,3
심호흡,3
심심이,3
이곡,3
쑤신,3
교환,3
자외선,3
질투,3
여진,3
똑똑,3
무얼,3
먹거리,3
계곡,3
일전,3
겸,3
배꼽,3
재방송,3
공식,3
평화,3
이또,3
조치,3
이구,3
작성,3
포스팅,3
자유,3
바깥,3
장착,3
욕,3
경고,3
해운대,3
짖으,3
치료,3
완치,3
싸이트,3
써비,3
책갈피,3
이란,3
링,3
조심,3
품목,3
사다리,3
확율,3
이자,3
겨울왕국,3
커피한잔,3
가계부,3
꽤,3
일산,3
안심,3
엑스,3
환희,3
초콜릿,3
맵스터,3
가르침,3
토대,3
개성,3
법좀,3
공급,3
승리,3
어머님,3
성경,3
노을,3
터닝메,3
다툼,3
사우나,3
원인,3
반려,3
강사,3
계산기,3
강점,3
월드컵경기,3
전북현대,3
칸,3
백두산,3
코골,3
공포영화,3
이신,3
수신기,3
국민은행,3
층,3
캐,3
쥬얼,3
어조,3
월달,3
한도,3
기차,3
게시판,3
가나,3
옛,3
역순,3
직장인,3
끝말,3
시력,3
익,3
신생아,3
무답,3
지점,3
날자,3
울림,3
수목드라마,3
크림,3
아웃백,3
세시,3
번지,3
모듈,3
인구,3
부담,3
자라,3
전화번호부,3
예능,3
누나,3
전입,3
번은,3
저가,3
어이,3
깐풍기,3
우산도,3
회신,3
해물,3
기업은행,3
사이키,3
벽,3
후보,3
만표,3
놈,3
까르보나라,3
근거,3
서요,3
주일,3
강남구,3
신사동,3
챠트,3
이요,3
친근감,3
치카,3
스티븐,3
호킹,3
빅뱅이론,3
번즈,3
벤허,3
상추,3
사진촬영,3
아현역,3
도저히,3
드네,2
목욕,2
굽쇼,2
다이어리,2
터널,2
일뒤,2
감당,2
연연,2
심플,2
나얼,2
진찰,2
맑음,2
거북이,2
달걀,2
태어,2
햇볕,2
변비,2
십분,2
김범수,2
어어,2
배경음악,2
호흡,2
하나둘셋,2
일시,2
손흥민,2
충,2
동구,2
영역,2
대별,2
저학년,2
시골,2
말벗,2
발상,2
서태지,2
슬픔,2
테이,2
명세서,2
죽지,2
흠뻑,2
오마이갓,2
지독,2
읊어주,2
더욱더,2
케,2
파충류,2
우울증,2
이유식,2
알림송,2
책속,2
다해,2
짬짜면,2
노코멘트,2
통신사,2
해답,2
도시락,2
불리,2
렛츠,2
이박사,2
당,2
알라,2
베토벤,2
언행,2
옷가게,2
정품,2
윙,2
탕수육,2
먹이,2
아시,2
모처럼,2
주중,2
남주혁,2
방영,2
유일하,2
짤렸어,2
동반,2
풍악,2
톰슨,2
시티,2
철학,2
컴맹,2
저음,2
봉골레,2
침잠,2
일어나지,2
트윈즈,2
회말,2
공항,2
방면,2
접촉,2
대화역,2
발매,2
인기가요,2
트리,2
카프카,2
부가,2
음향효과,2
뱃속,2
파도,2
삽겹살,2
윤도현,2
천고마비,2
유독,2
충만,2
브라운,2
이드,2
실수,2
사운드,2
고독,2
스타벅스,2
형님,2
거나,2
메인,2
니즈,2
충족,2
일식집,2
정은,2
겹,2
느긋,2
고구마,2
롤,2
함량,2
자극,2
닭볶음탕,2
빨,2
사장,2
한판,2
에너지,2
민감,2
피파랭킹,2
책상,2
건물,2
계단,2
추위,2
반지,2
방수,2
복장,2
자칫,2
주구,2
창장,2
파프리카,2
와이번스,2
실정,2
마주,2
단순,2
평상시,2
전회,2
허니,2
상단,2
노출,2
출생,2
멋쟁이,2
실물,2
울산,2
프린팅,2
금속,2
노총각,2
결혼행진곡,2
태그,2
물가,2
시리즈,2
쩌,2
안드로이드,2
균형,2
지식인,2
유형,2
수수께끼,2
요구,2
구조,2
알렉스,2
데리,2
수지,2
시크,2
덕,2
분쟁,2
이솝우화,2
고리,2
바닷가,2
지름길,2
동부,2
숭례문,2
딩동,2
해상,2
판단,2
곡좀,2
대필,2
달래,2
프로포즈,2
차려,2
낭비,2
자식,2
노라조,2
기어,2
소비자,2
파트,2
간의,2
상관,2
구도,2
내내,2
육수,2
지정시,2
을해,2
박근혜,2
군사,2
토픽,2
응모,2
확대,2
개별,2
감각,2
소화,2
운행,2
도구,2
콘센트,2
남이섬,2
패키지,2
부인,2
언론,2
이로,2
향수,2
기복,2
무척,2
무것,2
그날그날,2
관광,2
반성,2
직역,2
전기요금,2
이적,2
컨퍼런스,2
집사람,2
가스렌지,2
방불,2
민준,2
인지도,2
자가,2
승자,2
일지,2
저작권,2
반짝,2
잎새,2
물리,2
체육,2
혼합,2
바보,2
노선,2
용산역,2
불안,2
쿵쾅,2
번개,2
출구,2
리코,2
이불,2
매력,2
멋짓,2
스터디,2
메이트,2
휴무,2
열정,2
제출,2
버섯,2
성분,2
호기심,2
식후,2
오히려,2
사가,2
점퍼,2
수분,2
마음껏,2
우리동네,2
직,2
윤종신,2
단정,2
항목,2
런가,2
허무,2
나이스,2
모의고사,2
자장,2
급식,2
기상예보,2
중지,2
머릿기사,2
통일,2
남북,2
실시,2
환자,2
영동,2
가어,2
어업,2
달랐,2
동물병원,2
목걸이,2
팔찌,2
이즈,2
펌,2
단축,2
째,2
자격증,2
가습기,2
제습기,2
가전,2
조작,2
태양광,2
밸브,2
코멘트,2
액정,2
잔소리,2
피노키오,2
간절,2
자책,2
브릿지,2
쭈욱,2
갑,2
수건,2
비율,2
해드라,2
부러,2
중인,2
나좀,2
일제,2
매도,2
평준화,2
제각각,2
구역,2
사이즈,2
빌어,2
용서,2
난감,2
예방접종,2
후기,2
현명,2
신용,2
보검,2
좌절,2
향후,2
법률,2
콧물,2
장하,2
구나,2
대요,2
관점,2
심해,2
메들리,2
아리랑,2
마인드,2
포도주스,2
설사,2
장염,2
주황색,2
누우,2
경음악,2
군대,2
음료,2
원금,2
다이렉트,2
이군,2
지도사,2
증거,2
마음속,2
은근,2
대출,2
영희,2
상기,2
출시일,2
항공,2
비행,2
사발,2
막내,2
봐바,2
곰국,2
것좀,2
사골,2
알파,2
고랑,2
바둑,2
국회의사당,2
저격,2
조선일보,2
이정현,2
사드,2
베어즈,2
엘지,2
세이브,2
투수,2
홈런,2
찜닭,2
의사,2
떡볶이,2
거래처,2
레벨,2
임의,2
기침,2
지역번호,2
사도,2
은하수,2
해석,2
국경일,2
경기일정,2
뉴리,2
공해수출,2
수출,2
공장,2
오염,2
여보,2
변호사,2
상원의원,2
쌀국수,2
새우,2
동창회,2
중학교,2
학부모,2
음식물,2
홈쇼핑,2
애니,2
나열,2
지문,2
에버랜드,2
번국,2
뵈,2
포괄,2
계정,2
휴양,2
도울,2
소피,2
민지,2
소절,2
유재석,2
호떡,2
조선,2
상인,2
홍콩,2
태국,2
등락,2
초후,2
황금,2
뭍혀,2
오늘내일,2
펑펑,2
애교,2
웰컴,2
정감,2
교보,2
상위,2
몸매,2
번역기,2
허리,2
예기,2
무제한,2
충치,2
벌레,2
피터팬,2
지난주,2
스피드,2
연간,2
방문,2
매,2
랍,2
베이징,2
달성,2
지식검색,2
길찾기,2
중독,2
인사,2
루수,2
준수,2
음주,2
관세음보살,2
셋탑,2
청각,2
지신,2
수화,2
제스쳐,2
홈플러스,2
튀김,2
빗방울,2
연안,2
길좀,2
숙취,2
보관,2
휴지,2
체온,2
본체,2
과도,2
경어체,2
찬물,2
성별,2
나응,2
어투,2
윤,2
신건,2
근접,2
스캔,2
중원,2
통행량,2
음악인,2
넣으셨나,2
전기렌,2
인터폰,2
이하,2
방가,2
다다다,2
아메리카노,2
지지,2
재능,2
낫,2
호랑나비,2
젤,2
어감,2
님좀,2
제비,2
급,2
흥얼,2
상행,2
낭독,2
이별,2
답안,2
송장,2
최소한,2
출연,2
겹치,2
선출,2
쐬러,2
액션영화,2
고전,2
벗,2
실현,2
페북,2
휘발유,2
커피포트,2
진주,2
강유,2
환절기,2
닭갈비,2
첫사랑,2
격,2
핑갈,2
리디북스,2
유로,2
왓슨,2
전용,2
하이,2
송도,2
서울대,2
김연경,2
당연,2
벤치마킹,2
불능,2
며느리,2
전어,2
호가,2
미인,2
배철수,2
김수현,2
햄버거,2
파티,2
수명,2
겉,2
재테크,2
의상,2
완연,2
매그,2
센트,2
날인,2
무드,2
실감,2
번쩍,2
다짐,2
굿,2
섬세,2
집밥,2
노모포비아,2
일종,2
자가진단,2
편서풍,2
김칫국,2
연필,2
팅,2
중화요리,2
베리야,2
둥,2
줄넘기,2
사용자이름,2
불편,2
완성,2
요한,2
한장,2
공주,2
모야,2
맨,2
블랙박스,2
야시장,2
스타,2
신사,2
신사임당,2
김정은,2
설계,2
하겟,2
어재,2
씨끌,2
수험생,2
미디어,2
얼릉,2
점등,2
스크린,2
바퀴,2
려,2
월화,2
녹화,2
전시회,2
유니클로,2
개봉일,2
연관,2
급작,2
전자제품,2
공무원,2
트레이닝,2
문답,2
셋업,2
구동,2
위와,2
맞이,2
국사,2
실생활,2
세분,2
쉿,2
혼밥족,2
각국,2
고추,2
무지개,2
접,2
금융,2
쟝르,2
우주,2
당위,2
박,2
존칭,2
미술,2
상한,2
모니터링,2
응급실,2
현금,2
셨습,2
저자,2
재방,2
휘파람,2
수록,2
대안,2
캠핑장,2
창조,2
합일,2
썬크림,2
중립,2
오지,2
화신,2
아이템,2
똑똑이,2
어린왕자,2
섬유,2
유연제,2
변칙,2
산이,2
양평,2
땅콩,2
쌀밥,2
화분,2
연산,2
덧셈,2
작곡가,2
분단,2
장어,2
숙박,2
모텔,2
고등학교,2
마켓,2
백지영,2
불렀을때,2
제때,2
마누라,2
이순신장군,2
이순신,2
궁,2
비프,2
와인,2
팥빙수,2
강촌,2
므,2
김춘수,2
테레비,2
이예,2
코믹,2
박수근,2
진도,2
괜시리,2
산본역,2
단지,2
난방,2
길동,2
언젠간,2
도대체,2
시행,2
행위,2
바라지,2
궁금증,2
척척,2
뷔페,2
심심,2
안보,2
봉사활동,2
안되겠니,2
입장,2
병,2
하교,2
응대,2
부위,2
매실,2
전문,2
오리,2
귀뚜라미,2
새소리,2
화제,2
일보,2
첨가,2
청춘,2
거창,2
스타트,2
해질녘,2
서서,2
리조트,2
다집,2
위험,2
울면,2
화학,2
비누,2
천,2
타인,2
헛,2
이탈리아,2
유부녀,2
눈썹,2
줄리엣,2
협약,2
하현우,2
인치,2
김광석,2
무침,2
젊은이,2
계,2
되셨으,2
국어사전,2
지게,2
마우스,2
펜,2
뽀로로,2
마중,2
냐옹,2
졸리,2
간이,2
욕실,2
천만원,2
출금,2
청주,2
얘,2
갯수,2
식빵,2
용돈,2
평판,2
흥미,2
페스,2
대회,2
맞장구,2
고고,2
부문,2
제사,2
유니,2
조용필,2
매달,2
장사,2
사주,2
린,2
만큼,2
원서,2
혼잣말,2
범주,2
최적화,2
도야,2
성능,2
재화,2
채무,2
불가,2
아이스크림,2
프,2
선발투수,2
상상력,2
빵,2
파월,2
우편물,2
에스케이텔레콤,2
박스오피스,2
염소자리,2
매칭,2
회색,2
검정색,2
참여자,2
돌,2
비틀즈,2
청혼,2
입사,2
내의,2
즐겨찾기,2
비트박스,2
부디,2
자존심,2
식품,2
찜질방,2
노트북,2
붙이,2
분안,2
메스,2
범인,2
재물,2
짓,2
외자,2
포천,2
하태핫태,2
침실,2
담당자,2
문고,2
감량,2
퍼즐,2
데뷔,2
레알마드리드,2
반쪽,2
멤버,2
오산,2
김현식,2
비처럼,2
음악처럼,2
퐁,2
시일,2
챔피언스리그,2
패배,2
리그,2
조,2
코레일,2
제플린,2
시빌,2
종가,2
아저씨,2
을지로,2
전곡,2
송금,2
잔고,2
서태지와아이들,2
요로,2
시합,2
항공사,2
껀,2
백수,2
숙녀,2
이혜영,2
앞서,2
범준,2
케이블,2
타겟,2
찬희,2
정준영,2
응애,2
폴,2
엘리베이터,2
표준어,2
효율,2
영하,2
모자,2
켄버,2
권유,2
본문,2
모하,2
값진,2
대화기,2
발신,2
재의,2
외곽순환,2
보강,2
스테이크,2
점심식사,2
도전,2
가평,2
자라섬,2
철거,2
주의자,2
무렵,2
악귀,2
과학,2
덜,2
오뎅,2
조명도,2
부부,2
스탠드,2
자연어,2
개설,2
에어콘,2
년전,2
바나나,2
폭풍,2
청,2
울진,2
불영사,2
그림자,2
스토리,2
국밥집,2
교촌,2
집밖,2
개팀,2
대여,2
클레,2
워낙,2
파시,2
스튜디오,2
서나,2
얌,2
부대,2
로움,2
해시,2
단편,2
두시,2
검은색,2
무도,2
억,2
시라,2
적기,2
모니터,2
증,2
학창시절,2
똘,2
정세,2
붕붕,2
킬로,2
생리,2
보름달,2
가입,2
놀수,2
베트남어,2
접수,2
어린이집,2
뮤직비디오,2
암,2
나우,2
마이크,2
제격,2
곳곳,2
서민,2
생존,2
배낭,2
가로,2
알로,2
통풍,2
포탈,2
빈폴,2
의류,2
등교,2
트러줘,2
복음,2
하나님,2
설거지,2
니야,2
인격,2
역좀,2
학,2
띄우기,2
생쥐,2
이오,2
식량,2
크롬,2
벙개,2
어땟,2
식사량,2
이응,2
스푼,2
출국,2
용띠,2
클레멘타인,2
바람막이,2
프로젝터,2
보신,2
재수,2
기원,2
색소폰,2
야메,2
떼,2
장애인,2
타이핑,2
음악순위,2
싱가폴,2
츨,2
메,2
삼계탕,2
재상,2
카레,2
티켓,2
댁,2
천안,2
넥센,2
서해,2
정부,2
비정규직,2
샤샤,2
샤,2
동대문,2
전시관,2
박물관,2
투표,2
버스커,2
방탄소년단,2
오사카,2
양상추,2
장점,2
긩,2
포기,2
변,2
한지,2
동치미,2
승아,2
동일,2
악기,2
주장,2
친목,2
찜솥,2
사다리타기,2
안동,2
거래량,2
만이,2
홍기,2
목사,2
설교,2
본사,2
딸아이,2
목동,2
황정음,2
김포,2
초과,2
사거리,2
복습,2
탁재훈,2
신정환,2
되셨어,2
해저,2
들판,2
서든,2
팔굽혀펴기,2
조사,2
소등,2
압구정로데오역,2
파랑,2
사수자리,2
마가복음,2
자꾸만,2
바흐,2
닉네임,2
한자,2
읏샤,2
브런치,2
김유정,2
주제,2
나비,2
일오,2
샌드위치,2
초이,2
보충,2
제나,2
블락비,2
카운트다운,2
후루루,2
아이야,2
뭣,2
일날,2
양심,2
룰루,2
사치,2
위곡,2
슈다페드정,2
약물,2
부작용,2
쿠빌라이칸,2
역삼동,2
분당,2
예산,2
소아과,2
내비게이션,2
니콜,2
키드,2
한자리,2
야유회,2
꼬마,2
오디오,2
응예,2
쩜,2
플라이,2
호젠,2
속암,2
본부장,2
정점,2
젖먹이,2
김태호,2
자석,2
뚱,2
순심,2
안주,2
라운지,2
선착순,1
옵컬,1
콜스,1
크시,1
홀쭉,1
리더,1
핏,1
액티브,1
정적,1
반품,1
명당,1
멱살,1
미처,1
캡틴아메리카,1
오픈마켓,1
해산물,1
굴,1
오바,1
총량,1
귀로,1
병명,1
랩스,1
아이러니,1
좋아혔던,1
누릴,1
기성용,1
제법,1
탈모,1
블루베리,1
일어나고,1
동동,1
아홉시,1
이수,1
거미,1
유어,1
에브리씽,1
필라테스,1
체형,1
문인,1
스트라이프,1
특보,1
호르몬,1
설민석,1
드랍더,1
비트,1
체커,1
언어습득,1
교정,1
특화,1
독거,1
노부모,1
억만장자,1
관용구,1
자지,1
장미,1
기쁨,1
화성,1
딕,1
하쿠,1
마타,1
쌀빼,1
훌훌,1
만끽,1
깜놀,1
모던,1
늪,1
여자도,1
드립,1
표고,1
깨소금,1
맛술,1
후추,1
이따,1
좀금,1
엣날,1
엣적,1
난생,1
애착,1
응원할꺠,1
하래,1
시조,1
의사소통,1
전언,1
타요,1
블라블라,1
블,1
산후,1
예방주사,1
넌날,1
난널,1
룸메이트,1
도해,1
아밍,1
짝사랑,1
송송,1
탁,1
불월,1
불화,1
가정불화,1
불수,1
반신불수,1
불목,1
드뎌,1
유리,1
사생활,1
한주,1
메트로,1
워킹,1
딸기,1
소시지,1
일석이조,1
파뤼,1
앗,1
소크라테스,1
뮤지션,1
피아니스트,1
일치,1
이언,1
구석,1
빈도,1
관우,1
스르르,1
충천,1
의연,1
삼시,1
프로필,1
탤런트,1
멏일,1
후대,1
띠리링,1
찾으셨나,1
세대,1
휙휙,1
시련,1
만병통치약,1
굶주림,1
동동주,1
미용실,1
김건모,1
으스스,1
유연,1
여하튼,1
역량,1
손해,1
끼칠,1
단호,1
투어,1
노하우,1
최적,1
강변,1
북,1
갤럭,1
캡처,1
엣지,1
삼청동,1
녀석,1
더구나,1
아침식사,1
유혹,1
전재,1
사외이사,1
고향,1
도청,1
강풍,1
근소,1
나지완,1
적시타,1
쐐기,1
하남,1
동호대교,1
밀리,1
미스,1
무라카미,1
하루키,1
목차,1
공과금,1
도시가스료,1
혈류,1
진공청소기,1
톤지루,1
먹통,1
단독,1
물씬,1
소울,1
김동률,1
어젠,1
호러,1
왈츠,1
비밀번호,1
뚝,1
킬까,1
아드님,1
길가,1
옆애,1
칼럼,1
음악차트,1
째주,1
아소산,1
마루,1
메제,1
갈래,1
턴,1
앤,1
풋쳐핸섭,1
동대문역,1
알리,1
미아,1
빼온,1
무거워,1
서영은,1
리오,1
최상,1
집배원,1
쌈바,1
분발,1
시티즌,1
매니아,1
가스전,1
벨브차단,1
엘레베이터,1
메뉴얼,1
기와,1
아이엠,1
히어로,1
핫트,1
게을러지,1
몸짱,1
가로수,1
그늘,1
서면,1
박남정,1
푸쉬업,1
볶음밥,1
주재,1
영화로,1
타이거스,1
문학구장,1
칫솔,1
어나,1
애용,1
터득,1
부스,1
상점,1
업종,1
경력,1
킹왕짱,1
오토메이션,1
스위처,1
답응,1
경남,1
이재명,1
인류,1
입체,1
설계도,1
전분,1
플라스틱,1
건축,1
빌딩,1
성과,1
헌법,1
겸직,1
청렴,1
국익,1
지위,1
남용,1
최악,1
뮤추얼,1
펀드,1
자산운용,1
증권,1
자산,1
수익,1
배당금,1
배분,1
투자신탁,1
구인,1
법칙,1
신제품,1
열섬,1
산업화,1
도시화,1
교외,1
천국,1
봐잠,1
상암,1
레슨,1
옆구리,1
디딤돌,1
환,1
잠좀,1
천편,1
일률,1
꾸지람,1
자네,1
재고,1
끝내,1
수두,1
사망,1
때론,1
타라,1
애집,1
걸때,1
응답기,1
너란,1
신조어,1
정돈,1
치맥,1
극혐,1
이모,1
덕후,1
설현,1
섹시,1
귀욤,1
껏,1
윤하,1
안델센,1
케테,1
송정해수욕장,1
송정,1
넛,1
라운드,1
폭행,1
소셜펀딩,1
지침,1
석계역,1
관리기능,1
주렴,1
미노,1
개운,1
쏠,1
파트너,1
고성,1
수온,1
파고,1
풍향,1
북서풍,1
래빗,1
값어치,1
상책,1
죽겄어,1
누,1
교수,1
대결,1
전반,1
들깨,1
특별,1
긑말잇기,1
부엌,1
인걸,1
근쳐,1
소거,1
커넥션,1
밥좀,1
상반기,1
디스코,1
메뉴인,1
채택,1
첨병,1
설악산,1
상비약,1
용옷,1
세면,1
열쇠,1
짚,1
와이어,1
별거,1
쌀,1
생등,1
집앞,1
야탑역,1
다시면,1
으쌰,1
첨부파일,1
윤택,1
지상,1
년뒤,1
녹두,1
오천원,1
그저께,1
밀가루,1
반봉,1
반병,1
듬뿍,1
항아리,1
향,1
세월,1
진리,1
좋곘네,1
토데,1
등불,1
파란,1
책방,1
중독증,1
하나로,1
감시자,1
의역,1
차차,1
리미,1
지난달,1
폭우,1
북상,1
동북,1
송출,1
두시의데이트,1
다행,1
세탁물,1
파스텔,1
하능하,1
하의,1
당면,1
표고버섯,1
초밥,1
우리네,1
일일,1
세월호,1
참사,1
품,1
메리,1
페티,1
갈껀,1
주차,1
아티스트,1
매일경제,1
언론사,1
중복,1
리지,1
유치,1
흥미진진,1
졸랐던,1
일자리,1
요양,1
타로,1
맘대로,1
커피숖,1
할증,1
윽,1
연두색,1
칫,1
공정,1
헤,1
비바람,1
벼락,1
테이블,1
갓난아기,1
케어,1
시터,1
결방,1
유일,1
힝,1
관찰,1
불렀어,1
아이시떼루,1
땡큐,1
세계관,1
손색,1
찌개,1
백반,1
생선,1
빼,1
누운,1
잔뜩,1
위기,1
뮌,1
인용,1
라든지,1
상품권,1
쌀좀,1
삼성역,1
산화,1
산화방지제,1
산성,1
세끼,1
고난,1
혈당,1
대개,1
불상,1
고혈압,1
우세,1
닭계장,1
껍질,1
아르바이트,1
화끈,1
잠들엇어,1
예감,1
팝음악,1
요정,1
숨쉬기,1
제쉬카,1
추이,1
거량,1
쏙,1
소재,1
등기,1
일별,1
컷좀,1
컷,1
박보람,1
농,1
수산물,1
광고음악,1
불현듯,1
단자,1
사정,1
중부내륙,1
구사,1
제이레빗,1
적중,1
레스트,1
경복궁,1
지시,1
주소지,1
놨던,1
유사,1
답내,1
임박,1
대표자,1
회담,1
진출,1
준결승,1
제약,1
정동진,1
톨게이트,1
도종환,1
읊어볼께,1
라라라라,1
둘둘,1
셋넷,1
사이클링,1
배속,1
달랐던,1
점도,1
병일,1
언더그라운드,1
알앤비,1
씬,1
디스,1
스트,1
링거,1
정아,1
머리스타일,1
남자에게,1
왁스,1
스프레이,1
머릿결,1
염색,1
손질,1
사권,1
제과제빵,1
시중,1
모턴,1
난후,1
꼬리,1
또렷,1
독해,1
우버,1
그리드,1
정전,1
마이크로,1
다현,1
전량,1
와트,1
아나스타샤,1
무심,1
필름,1
교체,1
마찰,1
밍,1
자격,1
압구정,1
기왕,1
로맨틱,1
오닌,1
퍼,1
산출,1
최종,1
주체,1
자아,1
룰,1
후설,1
워싱턴,1
열시,1
이십분,1
엄지,1
검지,1
신후,1
논후,1
러,1
조간신문,1
대면,1
마음대로,1
미니,1
스커드,1
경제학자,1
성적,1
합리,1
관념,1
글로벌,1
감산,1
구가,1
잡기,1
혼밥일,1
온건,1
지표,1
운영,1
높낮이,1
소용,1
독감,1
접종,1
사면,1
주얼리,1
덕혜옹주,1
휴대폰결제,1
드결제,1
이본,1
스웩,1
테,1
나가요,1
의료,1
소득세,1
커리어,1
성취,1
수월,1
릴리,1
사라,1
와우,1
만보,1
제이슨,1
생동감,1
록코,1
주제가,1
아이즈,1
타이거,1
페르긴트,1
조곡,1
꿈꿧던,1
가늠,1
계기,1
영향력,1
마냥,1
직전,1
비뚤어지,1
에세이,1
태도,1
최고다,1
어필,1
어떡,1
적포도주,1
심장병,1
두뇌,1
신맛,1
주스,1
사이다,1
가방,1
숨소리,1
웹캠,1
파장,1
촛불,1
모닥불,1
눈치,1
조용조,1
플릇,1
확임,1
나팔,1
추임새,1
쏴,1
공시,1
할부,1
하마,1
뻔,1
엠,1
바람소리,1
강물,1
노이즈,1
초단,1
서른,1
베로니카,1
똑바로,1
공격,1
쭈쭈,1
요전,1
말라리아,1
놨답니,1
월간,1
손날,1
국뽕,1
달이,1
주모,1
대치동,1
효도르,1
빅터,1
피타고라스,1
총각,1
제임스,1
프리미어리그,1
번뜩,1
출격,1
주파,1
머릿,1
단식,1
부지,1
논란,1
트윈스,1
승리투수,1
유희관,1
이현승,1
오재일,1
라이온즈,1
블라우스,1
내츄럴,1
군것질,1
삼거리,1
독립운동가,1
누진,1
제보,1
납량,1
달전,1
시줌,1
울쩍,1
수백,1
슈퍼컴퓨터,1
의학,1
무게,1
교통비,1
어덥터랴뇨,1
구시대,1
유물,1
충전기,1
휴대,1
여기저기,1
장난감,1
깨,1
보자기,1
서구,1
산남로,1
고정관념,1
쇼,1
강남대로,1
고조선,1
건국,1
제정,1
언어능력,1
빙,1
오락가락,1
잠실구장,1
막내딸,1
테이크아웃,1
염,1
식도,1
빵집,1
정형,1
융합,1
칠이,1
칠만,1
어던,1
정치가,1
인권,1
출신,1
일리노이주,1
연방,1
재선,1
전단,1
인별,1
즐,1
샌프란시스코,1
각자,1
똥마려,1
급똥,1
유튭,1
옙,1
세탑,1
방사,1
직진,1
사진첩,1
얼굴인식,1
게스트,1
셰프,1
양력,1
대위,1
어댑터,1
애완동물,1
기사도,1
재해,1
고궁,1
차마,1
부당,1
대우,1
크라잉넛,1
시속,1
라즈베리필드,1
곱,1
헤헤,1
발자국,1
균일음량,1
음압,1
달리,1
노멀,1
라이즈,1
무나,1
판별,1
권한,1
구애,1
노랲,1
초등생,1
추릴,1
흥얼흥얼,1
일부분,1
서치,1
정해,1
닷,1
긴요,1
필립스,1
경상북도,1
울릉군,1
울릉읍,1
독도리,1
자긍심,1
상징,1
금영,1
코러스,1
박영규,1
유래,1
청나라,1
조청,1
위원회,1
개국,1
캄보디아,1
라오스,1
마카오,1
말레이시아,1
미크,1
필리핀,1
회원,1
조로,1
호흡기,1
보유,1
괜,1
승부,1
불법,1
토토,1
어떨런지,1
나위,1
흉기,1
먼지,1
머리칼,1
듯이,1
입길,1
쪙,1
에전,1
깜깜,1
순이,1
유나,1
몸무게,1
질량,1
날씬,1
무긍,1
무진,1
노약,1
이연숙,1
실명,1
로프,1
보온병,1
렌턴,1
견과류,1
용품,1
월동,1
추첨,1
쇼윙,1
도습,1
사탕,1
주사,1
울딸,1
골수팬,1
아이리버,1
파인애플,1
송,1
좋아젔다,1
커피숍,1
해묵,1
간만,1
해무,1
그라믄,1
뻐뜩,1
대학가요제,1
인척,1
비정상회담,1
살충,1
동이,1
간략,1
난이도,1
핸디,1
홈페이지,1
부서,1
프린터기,1
파일이름,1
우드,1
용지,1
물속,1
한길,1
다이어트식단,1
웨어,1
러블,1
예컨데,1
오믈렛,1
얽매,1
덕이,1
다이고,1
술술,1
톱,1
합격,1
내인,1
분양,1
마스터,1
불교,1
백설,1
출퇴근,1
맀,1
단원,1
음섬,1
존경,1
핸폰,1
중고생,1
토플,1
디오,1
협업,1
동향,1
이겻습니,1
문학경기장,1
날좀,1
과도기,1
앨리,1
검정,1
하양,1
일등,1
광복절,1
치약,1
세제,1
꾹,1
도세,1
뉴에이지,1
성도,1
물기,1
겨자,1
싹,1
뺨,1
관장,1
뇌,1
지배,1
인디펜던트,1
멜버른,1
대의,1
언떤노래,1
핫태핫태,1
저녁밥,1
온수,1
바하,1
첩,1
밥상,1
고등어,1
살때,1
나전,1
화중,1
엇어,1
영수증,1
실락원,1
영동대교,1
내부순환로,1
나둿어,1
잔량,1
장의,1
혜민스님,1
비로소,1
아르,1
주지,1
쏘리쏘리,1
여왕님,1
생일도,1
추어,1
이문,1
셎,1
곡순,1
한정식,1
멍,1
고스톱,1
고도리,1
넹,1
아안,1
드을었,1
사오정,1
좡,1
일렉,1
나레이션,1
친숙,1
에어로빅,1
살좀,1
헛둘헛둘,1
나너,1
러시,1
논현동,1
라씨,1
하드락,1
꽃밭,1
김흥국,1
쩜쩜쩜쩜,1
괄호,1
뽑기,1
스쿨,1
호남선,1
남행,1
나들목,1
결려,1
편안,1
한밤,1
자금,1
윤동주,1
서시,1
인문학,1
시집,1
집대성,1
곡명,1
부를껀데,1
곡성,1
불닭,1
재차,1
주의보,1
리나,1
산사태,1
상습,1
침수,1
여니,1
개점,1
프로그래머,1
노고,1
즐겨찿기,1
황도,1
드레스코드,1
칠때,1
번갈아,1
누구뭣,1
중헌디,1
천사,1
지아,1
엎어져,1
영화장르,1
영화인,1
어설프,1
청량,1
연구개발,1
모트,1
일괄,1
배캠,1
여준,1
레시핏,1
연우,1
후렴,1
브라질리아,1
자동제세동기,1
지동,1
제세동기,1
경유,1
선크림,1
최고급,1
선팅,1
지라,1
뙤약볕,1
기미,1
웹사이트,1
천안흥타령,1
부대찌개,1
쫄면,1
강추,1
미러볼,1
플립,1
활묭,1
큰소리,1
에두,1
함박스테이크,1
껀데,1
가타,1
진아,1
계산서,1
발급,1
차라리,1
반말,1
해운대해수욕장,1
구름다리,1
광안,1
해수욕장,1
의대,1
소속,1
신영,1
황금별,1
남당항,1
위풍,1
재건,1
흥인지문,1
아줌마,1
전지현,1
음톤,1
캠프,1
워키토키,1
에버노트,1
거북,1
바다거북,1
영문,1
프라,1
통장,1
욯,1
퇴짜,1
놀이기구,1
그닥임,1
썸,1
륨부,1
나잇,1
남쪽,1
계통,1
급락,1
햐,1
바바리,1
뭐뭐뭐,1
딸램,1
등재,1
시하,1
설리,1
허드슨,1
대독,1
배경,1
카이,1
러브라이브,1
사인,1
나이트,1
빵바레,1
나일,1
거주,1
인천광역시,1
것옷,1
이선희,1
증후군,1
정신건강,1
집착,1
사별,1
값좀,1
사중,1
경선,1
무역풍,1
정반대,1
아열대,1
고압,1
극지방,1
서풍,1
친환,1
경차,1
무채국,1
갈비,1
어묵,1
쫑,1
깍두기,1
알레르기,1
부어,1
사카모토,1
츠츠미,1
추모,1
팅전,1
글쎄,1
탕슉셋트,1
야심,1
느님,1
영접,1
정사,1
팔이,1
용용,1
신데렐라,1
로션,1
건성,1
법정,1
알려줫으,1
두두,1
보너스,1
똥꿈,1
발랄,1
만난,1
대체,1
듀엣,1
생맥주,1
희소식,1
기약,1
에메랄드,1
객채,1
방송사,1
도깨비,1
여의나루역,1
갈망,1
사과나무,1
열매,1
야사,1
엘,1
윙즈,1
성남,1
뉴스데스크,1
일링,1
참내,1
자시,1
지하,1
주차장,1
난적,1
버거,1
로세,1
기지개,1
안랄,1
독제,1
차별,1
이비인후과,1
엔진,1
커뮤,1
신호준,1
출퇴근시간,1
티슈,1
제천,1
즈음,1
삼바,1
기름값,1
코엑스,1
시럽,1
환률,1
쥬변,1
배아,1
김밥,1
꼬들꼬들,1
자유자,1
제로,1
초코,1
라이,1
영상통화,1
화상통화,1
아웃사이더,1
영화정보,1
타국,1
가의,1
종로구,1
반향,1
킬로그램,1
식용유,1
전시,1
지역별,1
예술,1
전당,1
콘서트홀,1
전석,1
매진,1
정인,1
장마,1
더페이스샵,1
감독,1
청하면,1
삽입곡,1
플러스,1
도하,1
감수성,1
라블리벗,1
적정,1
복구,1
벨소릴,1
황태,1
담,1
사당,1
정차,1
어떄,1
어딘데,1
회복,1
넓이,1
발끝,1
구령,1
식이요법,1
쓰시,1
헬스장,1
빅맥,1
포,1
미세,1
음악정보,1
정렬,1
양은,1
타이밍,1
체널,1
불국사,1
텅,1
동내,1
집사,1
괜찬겠,1
한일로,1
유성온천,1
중부,1
호법,1
분기점,1
노사연,1
더라도,1
정화,1
메리크리스마스,1
징글벨,1
유무,1
접근,1
심정은,1
대체로,1
팔티,1
편차,1
낚,1
큰집,1
상치,1
큐리,1
프로그래밍,1
니체,1
개척,1
나시,1
독어,1
프랑스어,1
섭렵,1
고추가,1
웬수,1
반항,1
색도,1
보라색,1
무드등을킴,1
펌웨어,1
변동,1
군,1
클린,1
리셋,1
중년,1
알고싶다,1
라식,1
폼,1
셀,1
분화,1
디폴트,1
탠,1
인력,1
틀때,1
만하,1
편도,1
님이시,1
하한,1
물량,1
세팅,1
백색,1
서서히,1
증폭,1
질적,1
이용도,1
고려,1
통합로그인,1
여섯시,1
리뉴얼때,1
반반,1
주민등록,1
등본,1
토,1
범계역,1
오일이,1
질리,1
캐치,1
돈독,1
사회생활,1
치가,1
올리브,1
분지,1
줄등,1
덕담,1
업데,1
투,1
밋밋하,1
왓습,1
얍,1
인하,1
대역,1
부평,1
부평역,1
연수역,1
인간관계,1
법등,1
이점,1
쫌만참,1
미열,1
욱,1
한쪽,1
국한,1
특화된,1
특성,1
하트,1
오일,1
찻길,1
빙판,1
래지,1
금지역,1
뀨우뀨뀨뀨우뀨뀨,1
뀨우뀨우,1
천재,1
결,1
정복,1
허브,1
어좀,1
즉시,1
공개,1
정치성향,1
일과,1
포럼,1
헛기침,1
수선,1
상영작,1
화두,1
천재지변,1
스코프,1
유의,1
소지,1
식물,1
보새,1
부질,1
지난날,1
별것,1
원칙,1
바닷,1
야경,1
산도,1
실때,1
욧,1
퀸시,1
이소라,1
레옹,1
곱셈,1
나눗셈,1
일반인,1
루바토,1
인물정보,1
기레,1
혀,1
탄수화물,1
우리엄마,1
제자,1
해당음량,1
산세베리아,1
남자라면,1
능,1
내과,1
얼버무리,1
사과문,1
재미나,1
둘리,1
엠비씨,1
에브리,1
종합병원,1
대학병원,1
두통약,1
양쪽,1
지압,1
환경설정,1
니훠,1
위마,1
워부훠,1
리코더,1
주입,1
뒤약,1
촬영,1
번스,1
불렀습니,1
필기구,1
신분증,1
뉘귀,1
더비틀즈,1
딸리,1
하엿,1
서리,1
열공,1
사태,1
초내,1
임진왜란,1
근위,1
지로,1
브루,1
기뇽,1
스튜,1
브로스,1
양송이버섯,1
송이,1
후식,1
설빙,1
큰아들,1
등하교,1
치매,1
흉흉,1
던,1
핸즈,1
링후,1
전화왔어,1
방화동,1
레져활동,1
선취골,1
도로로,1
상용구,1
화난,1
벌컥,1
리라,1
괴한,1
특이,1
병력,1
문예,1
낭송,1
프러,1
굿나잇,1
강정호,1
인스타그램,1
소셜,1
속마음,1
한몫,1
가산,1
디지털,1
금정역,1
소요산,1
가산디지털단지역,1
시아,1
자서,1
늦,1
핑,1
맛나,1
저촉,1
대학교수,1
음료수,1
거듭,1
워커힐,1
세명,1
호늘,1
조그만,1
맥,1
황금비율,1
토끼띠,1
포춘텔러,1
금값,1
결혼반지,1
량,1
모짜르트,1
오페라,1
마술피리,1
서곡,1
대변,1
노심초사,1
원격지,1
운용,1
방문자,1
발성,1
폴리,1
뱃살,1
집지,1
신난,1
갈수록,1
물집,1
진물,1
전문의,1
조리기구,1
자칫하면,1
계시,1
손바닥,1
뒤뚱뒤뚱,1
고향이,1
곤충,1
쿵푸팬더,1
내적,1
폐쇄적,1
중소,1
하리,1
김돈,1
규,1
뮤슨,1
최화정,1
파워타임,1
감미,1
스빈,1
보이지,1
쫑긋,1
매트리스,1
뒤척임,1
회로,1
호흡량,1
삐뚤어질,1
선릉,1
명색,1
쉐프,1
썬리,1
특가,1
훅,1
거저,1
도의,1
벌,1
구비,1
하진,1
멋,1
부린거,1
엍,1
콜록콜롴,1
롴켛,1
씐나춤,1
불러줭,1
은행동,1
지방질,1
철분,1
성냥개비,1
온몸,1
벼룩,1
유황,1
나치,1
유대인,1
학살,1
치료법,1
우황,1
심환,1
식초,1
용액,1
소금물,1
진단,1
연고,1
자타,1
철학자,1
시타,1
기타로,1
매뉴,1
모나리자,1
레오나르도,1
다빈치,1
세이,1
밀고,1
이마,1
미소,1
광대,1
고용,1
엘리자,1
베타,1
지모콘다,1
초상화,1
유한,1
로미,1
무릎,1
충격,1
추진,1
강화,1
리딩,1
걸리버,1
여행기,1
센치,1
카피,1
뺄셈,1
컴,1
아이콘,1
자판,1
단번,1
기껏,1
진지,1
각별,1
민,1
안함,1
해체,1
보라,1
손님,1
도토리묵,1
사계절,1
고등학생,1
열사,1
불렀,1
모로코,1
용어,1
불면증,1
면밀,1
일일삼,1
핫딜중,1
르,1
고물,1
회계사,1
한영,1
스타일러스,1
보임,1
무채색,1
원색,1
핸드백,1
사당역,1
당고,1
개행,1
선바위역,1
용이,1
나태,1
졋,1
오늘아침,1
분가,1
타이타닉,1
음주운전,1
계란후라이,1
쓱,1
초입,1
원중,1
올드팝,1
케쥬얼,1
슬렉스,1
웨스턴,1
돔,1
분수,1
변신,1
손보,1
운명,1
핸펀,1
허락,1
박인비,1
출전,1
여량,1
스펙,1
초읽기,1
동글,1
졋으,1
수렴,1
빼기,1
탄젠트,1
근삿값,1
아가씨,1
검도,1
영은,1
책닐어,1
고갈,1
멘스,1
블록,1
니코니코니,1
왕국,1
잡상인,1
강매,1
소문,1
호갱,1
웃기,1
펜타곤,1
섹터,1
해킹,1
생포,1
외계인,1
발작,1
프로모션,1
셋팅하는,1
인쇄,1
프린터,1
복사,1
축국,1
배민,1
초보자,1
상담전문가,1
의뢰,1
심리,1
어루만,1
수용,1
빗물,1
발목,1
고이,1
목도리,1
케이스,1
양화대교,1
음악세계,1
흐릿하거든,1
인디밴드,1
브로콜리,1
너마저,1
팔도,1
알록달록,1
요요,1
부가가치,1
세법,1
질권,1
저당권,1
양도,1
권리,1
이행,1
변제,1
충당,1
취지,1
채권,1
손발,1
일수,1
재작년,1
한여름,1
투덜,1
히스토리,1
직업,1
고유,1
최동원,1
야구장,1
승패,1
맛딥,1
챔피언,1
알렉사,1
즙겁,1
쓴맛,1
안녕하십니까,1
또박또박,1
보편성,1
장모님,1
어땟어,1
굉장햇어,1
소규모,1
점포,1
다국어,1
팬션,1
클릭,1
풍경,1
신년,1
구정,1
입학,1
졸업,1
당황,1
윘,1
개인정보,1
베이지색,1
맨체스터,1
주어,1
첫걸음,1
돌잔치,1
카라,1
감히,1
카페인,1
켈리,1
기모,1
반박,1
박도,1
포맨,1
유리상자,1
올드해,1
임창선,1
오프닝,1
불렀더,1
가감,1
과감,1
사직서,1
네버랜드,1
땅값,1
꿋꿋,1
구지,1
스타트업,1
흡수,1
탈것,1
할껀,1
침,1
집중호우,1
호우경보,1
발령,1
재난사,1
미비,1
네그럐,1
재활용,1
수거,1
봉투,1
재활용품,1
추상,1
가령,1
손자,1
어루만져,1
제자리,1
틱,1
대고,1
학자,1
소견,1
땀,1
혈관,1
탈수,1
증세,1
균형감각,1
날수,1
요물,1
목청껏,1
매몰,1
응어리,1
뻥,1
도리,1
궂,1
음제,1
볼순,1
사람인,1
브라더,1
말티즈,1
인터페이스,1
조로아스터교,1
페르시아,1
어떻케,1
나기,1
평촌,1
브리,1
태,1
와이셔츠,1
창원시,1
진해구,1
자은동,1
아싸라비야,1
콜롬비아,1
픈,1
결심,1
맘껏,1
뚜뚜뚜뚜,1
띰띰해,1
시월드,1
남양주,1
금제,1
어딧어,1
달라짐,1
순환도로,1
구리,1
홍,1
이대호,1
작가,1
채식주의자,1
당월,1
자전거타기,1
섭취량,1
캐피탈,1
백도어,1
중국말,1
뉴욕,1
로그,1
레인,1
코트,1
조기,1
생중계,1
코스모스,1
신뢰,1
출판,1
건너편,1
우측,1
넼,1
린다,1
나왓으,1
씨잼,1
인원,1
뒷쪽,1
잇엇으,1
바르셀로나,1
겻,1
한테라,1
유기견,1
보호,1
소나,1
실종,1
모에,1
펜션,1
사표,1
이맘,1
먹엇어,1
전기먹엇어,1
후라이팬,1
들기름,1
순차적인,1
분더,1
부와,1
놀부,1
마음씨,1
농부가,1
마들역,1
꿈나라,1
정이,1
덙,1
들으셨던,1
황발,1
생시,1
숙희,1
영자,1
호환,1
다양성,1
직통열차,1
박비서,1
레드,1
엘이디,1
밤새,1
가정하,1
데시,1
채썬것,1
줌약,1
청양고추,1
계량,1
쌀뜨물,1
데이타,1
미연,1
금리,1
헬스등,1
걸으셨,1
멀리사,1
약도,1
미안,1
어휘,1
어로,1
교우,1
불경,1
이전다음,1
홍채,1
생체인증,1
마이너스,1
난알,1
매월,1
알랭드보통,1
후의,1
낯선,1
언뜻,1
연착,1
대형,1
무등,1
위트,1
순등,1
백조,1
보라매,1
준표,1
공중파,1
위성,1
중고,1
금정,1
사상,1
닭도리탕,1
헤어스타일,1
똥,1
음향,1
채점,1
이준영,1
안성,1
연수,1
창원,1
에브리싱,1
수십,1
격주,1
꿍,1
로티,1
주행,1
레스피좀,1
네시,1
블라인드,1
중약,1
격언,1
주알,1
말버릇,1
츤데레,1
순살,1
제껀,1
녜,1
에드,1
세심,1
서연,1
유도후,1
황,1
사비,1
장갑,1
사례,1
시너지,1
대교,1
수속,1
페소,1
포항,1
포항대,1
통행,1
하루하,1
야,1
다독,1
여주,1
식욕,1
상담사,1
치유,1
동명,1
코너,1
이야기책,1
공모,1
홈피,1
쌍방,1
고장,1
우리말,1
최우,1
선적,1
범용,1
위키피디아,1
답정너,1
검침일,1
검침,1
달동,1
배우자,1
함깨,1
행진곡,1
테오프라스토스,1
음약,1
팔굽,1
여섯,1
일곱,1
미모,1
서예,1
다라,1
로딩,1
칠레,1
차도,1
꿰뚫,1
나무,1
주우,1
외화,1
키트,1
문화센터,1
백오십만원,1
천백십원,1
네이브,1
오피스,1
선전,1
절실,1
단일,1
무드등색,1
그땐,1
째즈,1
종북,1
이해관계,1
렙,1
베카,1
노랫소리,1
본적,1
쥐구멍,1
영혼,1
픽,1
비건,1
락토,1
세미,1
근육량,1
저하,1
체지방,1
달린다,1
육식,1
우웩웩웩,1
나먼,1
산기슭,1
가라,1
새집,1
살라,1
동공,1
팽창,1
손상,1
증명,1
민간,1
랬으,1
물리학자,1
알렉산드로,1
실험,1
답볍,1
협의,1
빈갑,1
삼십분,1
닥터,1
사부,1
떡뽁,1
레서피,1
줄기,1
컵,1
시원,1
워터파크,1
현재영,1
관객수,1
찌뿌둥할때,1
휴식시간,1
비울껀데,1
온통,1
켜줄레,1
페턴,1
남여,1
음악캠프,1
셋톱박스,1
열선,1
시트,1
기일,1
그리움,1
진영,1
애견,1
안정감,1
남매,1
반찬,1
문서,1
사르트르,1
간밤,1
램,1
공공시설,1
세종,1
서울특별시,1
청량리,1
석도,1
진실,1
플레이스토어,1
산천,1
불영,1
연못,1
부처님,1
해쉬태그,1
순대,1
로얄스,1
흥행,1
로봇청소기,1
자이언츠,1
스캐,1
수학학원,1
번쨰,1
첫번,1
첫번쨰,1
벅스,1
여가,1
재밋는일,1
미생,1
포부,1
희망이,1
삼육구,1
송아지,1
지리산,1
위로맨트,1
비긴,1
어게인,1
지브리,1
하울,1
회전목마,1
송신,1
링고,1
애도,1
정년,1
퇴임,1
은어,1
본뜻,1
티타늄,1
대견,1
원동력,1
상대로,1
즉각,1
응급환자,1
출동,1
의식,1
겟어,1
이씨,1
남양유업,1
소모품,1
집안일,1
짱구,1
마음가짐,1
커플,1
안팍,1
동태,1
뿌이뿌,1
아침밥,1
우스,1
타소스,1
뚝딱,1
급상승,1
포트,1
소스,1
가이드,1
책장,1
입장권,1
면세점,1
종소리,1
빛,1
준닥,1
외로,1
주므셧어,1
문소리,1
가운,1
구전,1
빨간색,1
소주잔,1
효과음,1
가난,1
알코올,1
송수,1
면적,1
장가계,1
구채구,1
계림,1
개최,1
봄철,1
개그콘서트,1
샤이니,1
산소,1
침해,1
떳습,1
판소리,1
대머리,1
질병,1
줫으,1
더부,1
전호,1
어절,1
두번,1
봉사,1
수익금,1
공모전,1
사려,1
기피,1
스페셜,1
수동,1
누굴,1
힘드네,1
똘이,1
교감,1
대학로,1
동숭,1
아트,1
드라큐라,1
헬스,1
부쩍,1
탈출,1
영두,1
한치,1
바로미터,1
센티미터,1
불도,1
신도림,1
리아제,1
요왕,1
구슬,1
손톱깎이,1
야마,1
때로는,1
은자,1
봉숭아,1
이물,1
요런,1
다이어터,1
쩌구,1
그믐,1
반달,1
가마,1
렵,1
일반석,1
특석,1
고속버스,1
시외버스,1
그래그래,1
온라인,1
뚝뚝,1
절차,1
봄꽃,1
필,1
지고,1
혜택,1
빵빵,1
회당,1
임시,1
띠링,1
명중,1
홀,1
님응,1
용인,1
예진,1
슐리,1
짜오,1
상륙작전,1
하나은행,1
예금,1
택스트,1
동하,1
껏습니,1
랜덤변수,1
쌩뚱맞,1
신내역,1
잭,1
프라이버시,1
몰래,1
삭,1
실력,1
김연우,1
왕창,1
김부,1
려면,1
오므라이스,1
슬,1
포르,1
알데히드,1
폼알데하이드,1
포름알데히드,1
띤,1
기체,1
화학물질,1
종로,1
임재범,1
키도,1
다방구,1
술래,1
내겐,1
편리,1
드넓,1
라디오방송,1
노답,1
신가,1
에프엑스,1
포미닛,1
난이,1
살기,1
극단,1
내몰릴,1
직면,1
원주,1
동호회,1
치악산,1
획기,1
튜닝,1
맨손,1
대피소,1
인공호흡,1
되셨잖아,1
살짝,1
몸살,1
격하,1
하락,1
티셔츠,1
하드,1
다육식물,1
겨울철,1
연상,1
더크로스,1
국기,1
맹세,1
영회좀,1
소리내기,1
차표,1
시내,1
말상,1
울때,1
이기술,1
필수품,1
임창,1
완죤,1
위인,1
탄생,1
통닭,1
립스틱,1
햄릿,1
무치,1
라나,1
글럼,1
달기,1
심심함,1
초록색,1
깨꿋한,1
신처,1
꼽,1
파토,1
우수,1
요한복음,1
이처럼,1
하사,1
독생자,1
멸망,1
영생,1
부두,1
누리,1
시오,1
썬글,1
아스,1
헤드라이트,1
차림,1
옛적,1
기성,1
난휴,1
대지,1
문자메시지,1
에보니,1
취약,1
줄레,1
세탁소,1
반포,1
한글날,1
무드든켤때,1
딩딩딩,1
디링딩,1
유후,1
보구,1
제발,1
싸우지마,1
점멸,1
표기,1
매크로,1
즘,1
지혈,1
얹혔어등,1
대화방,1
베프들,1
또래,1
얄려줘,1
응음등,1
통증,1
뮈,1
해석기,1
머머,1
갠찮쵸,1
미움,1
아들러,1
볼때,1
요원,1
서울시,1
감성지수,1
거동,1
어르신,1
입맛,1
싰을까,1
휴게소,1
주식시장,1
비빔밥,1
교통사고,1
콧,1
쌔거,1
거려,1
삿어,1
생활필수품,1
설마,1
너느,1
짜장루,1
에러,1
케이크,1
아몬드,1
천장,1
아모,1
퓨저,1
오랫,1
인형,1
틴트,1
트릭,1
레전드,1
내자,1
스트레,1
윌슨,1
하핫,1
선풍기,1
폐활량,1
트리플,1
스크린샷,1
빅,1
초소,1
이미지,1
그림,1
그릴,1
중순,1
달뒤,1
맞으셨,1
계전,1
연가,1
신음,1
툭툭,1
변형,1
점자,1
어도,1
짖궂,1
쇼음악중심,1
햇반,1
전자렌지,1
팔고,1
떡복,1
드셧나,1
드셧군,1
읊어,1
쫙,1
다사전,1
동사,1
교향곡,1
엔화,1
유럽연합,1
이나고,1
구토,1
창백,1
해열제,1
소아,1
다합,1
산술,1
전자계산기,1
의식주,1
대행,1
집들이,1
잠원동,1
전세,1
매물,1
이동진,1
썻어,1
손병호게임,1
티원,1
자랑,1
당번,1
보로,1
크라운제이,1
여부,1
타진,1
프란시스코,1
노미,1
바닐라,1
구미,1
형광등,1
플러그인,1
주동,1
장충동,1
복용,1
상암동,1
공덕역,1
렛잇비,1
회초,1
오천오백삼십일,1
우주소녀,1
성소,1
머머머,1
탄핵,1
복지,1
안건,1
정규직,1
영양소,1
삼치,1
오가와,1
이토,1
달팽이,1
와이즈,1
카레라이스,1
하단,1
베테,1
산책로,1
프랜차이즈,1
근교,1
한낮,1
뒷,1
얼마썻,1
버시,1
원소,1
롯데리아,1
버거킹,1
맘스,1
터치,1
싸이버,1
거가,1
베넷,1
국회의원선거,1
선거,1
개표,1
불렀을데,1
장애우,1
실라,1
다작,1
디오니소스,1
벚꽃,1
엔딩,1
무궁화,1
삼천리,1
화려,1
강산,1
보전,1
타분,1
해장국,1
간장게장,1
볽음탕우렁,1
쌈장,1
비눈,1
지나,1
쑤시,1
날때,1
난폭,1
순다,1
어듭,1
에베레스트,1
등산,1
도톤보리,1
버셜,1
청정,1
칼라,1
환상,1
렌덤컬러,1
꿈꾸라,1
슈베르트,1
차단기,1
불켜,1
희망,1
난왜,1
시상식,1
케익,1
냉수,1
에밀,1
졸라,1
상무,1
단점,1
고요,1
번더,1
충동,1
마마,1
부끄부끄,1
도서관,1
반납,1
오케이,1
크큭,1
서류가방,1
차키,1
분리수거,1
문단속,1
옷안,1
개미,1
영롸,1
일진,1
할머님,1
일생,1
자구,1
세옹,1
마가,1
올가을,1
커튼,1
파츨소,1
은하면,1
양육,1
막국수,1
공유기,1
셋탑박스,1
섹션,1
쓰리쓰리,1
고개,1
반숙,1
천하,1
뱅뱅뱅,1
한단,1
정글북,1
들것,1
레바,1
냉,1
모밀,1
토론,1
뒷받침,1
멘토,1
멘토링,1
길잡이,1
대일,1
전안,1
녘,1
모꼬,1
맥락,1
어가,1
사물인터넷,1
필요시,1
내기,1
리기,1
결코,1
소유자,1
단체,1
고마,1
뭇,1
초가,1
뭐해,1
군데,1
띰띰,1
소굽,1
미취,1
시킴,1
완주,1
와일드,1
금산,1
인삼,1
흥타령,1
탈춤,1
고가,1
만주,1
한남대교,1
논현,1
청담,1
혼잡,1
교통량,1
디너,1
밀면,1
땡깄으,1
입으꼬,1
여분,1
담요,1
손전등,1
호철,1
을지로입구역,1
정장,1
강변북로,1
티어,1
브론즈,1
팀운,1
낭패,1
경영학,1
원론,1
동아리,1
김포공항,1
대한항공,1
국내선,1
무려,1
역서,1
아태,1
시선,1
닭고기,1
김아중,1
아베마리아,1
경품,1
냠냠냠,1
작작,1
고구려,1
세운,1
만점,1
비위,1
출연자,1
라디오스타,1
천일,1
카운터,1
보석,1
원격,1
서브웨이,1
옥수역,1
곰탕,1
체험,1
외치,1
퀵,1
숟가락,1
소원,1
사진기,1
땜,1
배정,1
삼십,1
삼십오,1
딩동댕,1
지성,1
반등,1
금리인하,1
소비,1
도인,1
릴렉스,1
복날,1
인터,1
셉트,1
케찹,1
남영역,1
청량리역,1
물병,1
리가,1
적도,1
좀바,1
치사,1
무단횡단,1
공동체,1
동질감,1
선사,1
릴,1
씨유,1
몇몇,1
예수,1
그리스도,1
읊어줌,1
찰리채플린,1
진통제,1
어루,1
불공평,1
빌게이츠,1
이떻,1
공평,1
불평,1
뭉클,1
마르지,1
파악,1
전후,1
요지,1
개산,1
다양,1
버셨어,1
슬슬,1
유유,1
숲,1
수목원,1
선상,1
법규,1
보곤,1
잘해야,1
안생겨요,1
언급,1
펑키,1
만족,1
주문진,1
두음법칙,1
고유명사,1
압승,1
따님,1
인강,1
숨쉬,1
셔,1
신분,1
콘푸,1
로스트,1
단골,1
짬봉,1
드라마영화,1
문연,1
나갈껀데,1
라멘,1
러브,1
왜인,1
캬,1
콘솔,1
돈가스,1
성대,1
것봐,1
미션,1
청정기,1
유덕화,1
효오,1
아아,1
항하,1
쾌걸,1
근육,1
조깅,1
해피투게더,1
꿀빨,1
쏵,1
분기,1
엣취,1
청천동,1
왜안,1
경비실,1
굳이,1
품질,1
부과,1
국악,1
수유동,1
쾌유,1
옷등,1
암사동,1
살인,1
험,1
민영,1
래시,1
푹쉬,1
용두동,1
김남길,1
신일,1
보험,1
황소자리,1
논쟁,1
괴팍,1
훨훨,1
수퍼,1
수시,1
힌지,1
오이,1
냉채,1
어케되나,1
원숭이,1
렌트,1
우짜,1
반입,1
모태솔로,1
울끼,1
래야,1
김광현,1
먹방,1
성모,1
롤모델,1
월남쌈,1
라이스,1
페이퍼,1
적채,1
숙주,1
고수,1
경상도,1
다우지수,1
배카,1
허밍,1
노랜,1
하내,1
고지,1
앞뒤,1
도이므,1
임산부,1
한텐,1
진통,1
일좀,1
일장,1
창조자,1
꾸벅,1
판매점,1
차이,1
인턴,1
초야,1
마일,1
강진,1
해일,1
렌덤,1
주선,1
도담,1
초콜렛,1
부추,1
홧팅,1
붑니다밝,1
매치,1
장량,1
알려줭,1
둘레,1
총기,1
라임색,1
라임,1
제작,1
해동,1
착즙,1
쥬스,1
열애,1
요약,1
구내식당,1
뿜어,1
둥둥,1
지율,1
급똥남,1
비데,1
히팅,1
쾌변,1
즐똥,1
포유,1
짝짝,1
간혹,1
제곱근,1
모래,1
요즈음,1
유효,1
갈치,1
프린트,1
민기,1
물감,1
스케치북,1
붓,1
친한친구,1
골드,1
베르크,1
변주곡,1
차이점,1
쾌,1
숭숭,1
종도,1
쭈꾸미,1
우럭,1
광어,1
이은미,1
먹을껀데,1
비염,1
완화,1
어지러움,1
복용량,1
동기,1
콤보,1
신세계,1
프리미엄,1
아울렛,1
가계,1
쪼꼬멍멍이,1
피트니스,1
닝,1
시덕,1
심박,1
전복,1
주섬주섬,1
할껀데,1
일리,1
국수,1
시리얼번호,1
그랜,1
회상,1
단말,1
만반,1
고속,1
양재,1
교통혼잡,1
어려움,1
백원,1
축의금,1
내야,1
엿으,1
이들엇네,1
안대,1
장단,1
띠별,1
은행,1
당료약,1
유닛,1
도모,1
후련함,1
한계,1
스맛폰,1
지상파,1
보온,1
키스신,1
한산,1
정각,1
출산,1
알고리즘,1
스릴러,1
리스,1
예고편,1
닭발,1
답넌,1
순두부찌개,1
열기,1
문제겟,1
른,1
숨박꼭질,1
엉엉,1
고진,1
낙,1
거란,1
넘버,1
운수,1
실컷,1
방이,1
짬,1
울트라,1
등짝,1
스매싱,1
전번,1
뚜,1
루루,1
루,1
아디다스,1
슈퍼스타,1
졸자,1
빈궁,1
잠언,1
티브이,1
알갯습니,1
문좀열,1
벨브열,1
게이트맨,1
나돌아왓어,1
남친,1
생기지,1
법륜,1
스님,1
김미경,1
맛보기,1
어루만질,1
나눔,1
늡,1
챙기셨,1
경상남도,1
기관,1
잼잼,1
해방,1
수립,1
경축,1
일백오십구만이천,1
십구만구천일백사,1
십오,1
칠천원,1
이천삼십오,1
구구,1
일십,1
이십팔,1
언재,1
간고,1
꽃무늬셔츠,1
반바지,1
커스터,1
징,1
마룬,1
메론,1
엘리,1
소녀시대,1
강산에,1
중략,1
혼녀,1
현재상황,1
불량,1
서칭,1
행동강령,1
시말서,1
판매량,1
백만,1
신혼,1
다문화,1
쌈,1
신촌,1
영등포역,1
계롱산,1
탈퇴,1
아티,1
매니저,1
배송지,1
음상,1
패스,1
수락,1
뿌,1
스팸전화,1
노둥자,1
등골,1
빨대,1
자본가,1
탐욕,1
정경,1
유착,1
길방,1
인색,1
부적절,1
보약,1
독,1
급격,1
캔트,1
댓,1
콩글리시,1
빰바라빰,1
전구,1
권,1
술집,1
장님,1
물음,1
의도,1
주전,1
주보,1
자막,1
이참,1
운지,1
디도,1
소정,1
도구로,1
지적,1
원어민,1
호응,1
직구,1
자율신경계,1
족욕,1
퇴근길,1
한남동,1
신청,1
명의,1
터닝메카드,1
반신,1
생강차,1
백제,1
문화제,1
달맞이,1
언덕,1
라듐,1
하준,1
동화작가,1
앤서니,1
예준,1
이루마,1
조각,1
횡재,1
도쿄,1
토쿄,1
엄,1
태안,1
태안군,1
차니,1
시피,1
행복지수,1
카워드,1
역무,1
굿럭,1
코딩,1
실업자,1
수사,1
독고,1
은동,1
스마트워치,1
다섯시,1
교차로,1
죽,1
예측,1
시엔,1
시멘틱,1
서방,1
철호,1
포스트시즌,1
치열,1
인셉션,1
주제곡,1
해몽,1
휘성,1
까르보,1
안마,1
빈대떡,1
거꾸로,1
